datetime,open,high,low,close,volume
2026-02-06T20:00:00+00:00,122.28,122.42,122.02000000000001,122.07000000000001,1418
2026-02-06T20:30:00+00:00,122.07000000000001,122.95,122.03,122.88000000000001,2328
2026-02-09T14:30:00+00:00,122.88000000000001,123.62,121.67,123.13000000000001,3090
2026-02-09T15:00:00+00:00,123.13000000000001,123.84,122.93,123.73,2520
2026-02-09T15:30:00+00:00,123.73,124.89,123.66000000000001,124.88000000000001,2066
2026-02-09T16:00:00+00:00,124.88000000000001,124.93,124.07000000000001,124.59,2044
2026-02-09T16:30:00+00:00,124.59,124.79,124.38000000000001,124.47000000000001,1323
2026-02-09T17:00:00+00:00,124.47000000000001,124.83000000000001,124.39,124.78,1242
2026-02-09T17:30:00+00:00,124.78,124.87,124.43,124.71000000000001,1037
2026-02-09T18:00:00+00:00,124.71000000000001,124.77000000000001,124.19000000000001,124.61,1275
2026-02-09T18:30:00+00:00,124.61,125.28,124.57000000000001,125.19000000000001,1048
2026-02-09T19:00:00+00:00,125.19000000000001,125.28,124.92,125.07000000000001,1014
2026-02-09T19:30:00+00:00,125.07000000000001,125.24000000000001,124.86,125.13000000000001,753
2026-02-09T20:00:00+00:00,125.13000000000001,125.32000000000001,124.45,124.55000000000001,1330
2026-02-09T20:30:00+00:00,124.55000000000001,124.57000000000001,123.9,123.92,2272
2026-02-10T14:30:00+00:00,123.92,125.09,123.27000000000001,124.30000000000001,3379
2026-02-10T15:00:00+00:00,124.30000000000001,124.65,123.84,124.16000000000001,2418
2026-02-10T15:30:00+00:00,124.16000000000001,124.37,123.36,123.55000000000001,1473
2026-02-10T16:00:00+00:00,123.55000000000001,123.55000000000001,121.45,121.93,3054
2026-02-10T16:30:00+00:00,121.93,122.68,121.80000000000001,122.41000000000001,2397
2026-02-10T17:00:00+00:00,122.41000000000001,122.55000000000001,121.67,121.67,2204
2026-02-10T17:30:00+00:00,121.67,121.73,120.92,121.14,1912
2026-02-10T18:00:00+00:00,121.14,121.33000000000001,120.60000000000001,120.66000000000001,1892
2026-02-10T18:30:00+00:00,120.66000000000001,120.79,119.67,120.15,2091
2026-02-10T19:00:00+00:00,120.15,121.05000000000001,119.97000000000001,121.05000000000001,1578
2026-02-10T19:30:00+00:00,121.05000000000001,121.57000000000001,120.98,121.54,1442
2026-02-10T20:00:00+00:00,121.54,122.35000000000001,121.41000000000001,122.05000000000001,1946
2026-02-10T20:30:00+00:00,122.05000000000001,122.56,122.02000000000001,122.27000000000001,2590
2026-02-11T14:30:00+00:00,122.27000000000001,124.24000000000001,121.12,121.61,2250
2026-02-11T15:00:00+00:00,121.61,121.72000000000001,119.57000000000001,119.88000000000001,2840
2026-02-11T15:30:00+00:00,119.88000000000001,120.03,119.17,119.68,2132
2026-02-11T16:00:00+00:00,119.68,120.23,119.21000000000001,119.48,1748
2026-02-11T16:30:00+00:00,119.48,120.43,119.35000000000001,119.63000000000001,1736
2026-02-11T17:00:00+00:00,119.63000000000001,119.78,119.32000000000001,119.45,1478
2026-02-11T17:30:00+00:00,119.45,119.67,118.93,119.11,1401
2026-02-11T18:00:00+00:00,119.11,119.25,118.62,118.87,1713
2026-02-11T18:30:00+00:00,118.87,118.98,117.69000000000001,117.93,2037
2026-02-11T19:00:00+00:00,117.93,118.76,117.86,118.16000000000001,2049
2026-02-11T19:30:00+00:00,118.16000000000001,118.99000000000001,117.91000000000001,118.5,1919
2026-02-11T20:00:00+00:00,118.5,118.66000000000001,117.94000000000001,117.95,1524
2026-02-11T20:30:00+00:00,117.95,118.18,117.5,117.53,2537
2026-02-12T14:30:00+00:00,117.53,119.26,117.17,117.72000000000001,3281
2026-02-12T15:00:00+00:00,117.72000000000001,117.92,115.97000000000001,116.01,3313
2026-02-12T15:30:00+00:00,116.01,116.05000000000001,114.39,114.44000000000001,3387
2026-02-12T16:00:00+00:00,114.44000000000001,114.49000000000001,112.58000000000001,112.61,4445
2026-02-12T16:30:00+00:00,112.61,113.29,111.7,111.91000000000001,4021
2026-02-12T17:00:00+00:00,111.91000000000001,112.13000000000001,111.18,111.21000000000001,3387
2026-02-12T17:30:00+00:00,111.21000000000001,112.08000000000001,111.12,111.41000000000001,2811
2026-02-12T18:00:00+00:00,111.41000000000001,112.21000000000001,111.21000000000001,111.80000000000001,2645
2026-02-12T18:30:00+00:00,111.80000000000001,112.79,111.43,112.22000000000001,2866
2026-02-12T19:00:00+00:00,112.22000000000001,113.09,112.17,112.56,2148
2026-02-12T19:30:00+00:00,112.56,112.89,112.17,112.46000000000001,2012
2026-02-12T20:00:00+00:00,112.46000000000001,112.72000000000001,111.87,111.87,1825
2026-02-12T20:30:00+00:00,111.87,112,111.2,111.34,2741
2026-02-13T14:30:00+00:00,111.34,111.34,108.55000000000001,110.58000000000001,5137
2026-02-13T15:00:00+00:00,110.58000000000001,111.42,110.17,110.69000000000001,4775
2026-02-13T15:30:00+00:00,110.69000000000001,111.14,110.45,110.56,3478
2026-02-13T16:00:00+00:00,110.56,111.56,110.55000000000001,111.04,3192
2026-02-13T16:30:00+00:00,111.04,111.60000000000001,110.77000000000001,111.27000000000001,2632
2026-02-13T17:00:00+00:00,111.27000000000001,111.57000000000001,111.09,111.21000000000001,2045
2026-02-13T17:30:00+00:00,111.21000000000001,111.46000000000001,110.99000000000001,111.02000000000001,2130
2026-02-13T18:00:00+00:00,111.02000000000001,111.34,110.62,110.88000000000001,2159
2026-02-13T18:30:00+00:00,110.88000000000001,111.18,110.68,110.7,1764
2026-02-13T19:00:00+00:00,110.7,111.10000000000001,110.60000000000001,110.66000000000001,1797
2026-02-13T19:30:00+00:00,110.66000000000001,111.02000000000001,110.39,110.47000000000001,2237
2026-02-13T20:00:00+00:00,110.47000000000001,110.86,110.22000000000001,110.30000000000001,2139
2026-02-13T20:30:00+00:00,110.30000000000001,111.09,110.19000000000001,110.98,3385
2026-02-17T14:30:00+00:00,110.98,114.60000000000001,110.98,113.46000000000001,3656
2026-02-17T15:00:00+00:00,113.46000000000001,114.34,112.92,113.14,3239
2026-02-17T15:30:00+00:00,113.14,113.86,113.10000000000001,113.79,2480
2026-02-17T16:00:00+00:00,113.79,114.05000000000001,113.57000000000001,113.73,2046
2026-02-17T16:30:00+00:00,113.73,114.31,113.69000000000001,114.07000000000001,2103
2026-02-17T17:00:00+00:00,114.07000000000001,114.10000000000001,113.09,113.63000000000001,1588
2026-02-17T17:30:00+00:00,113.63000000000001,113.73,113.05000000000001,113.56,1549
2026-02-17T18:00:00+00:00,113.56,113.74000000000001,113.18,113.57000000000001,1367
2026-02-17T18:30:00+00:00,113.57000000000001,114.23,113.5,114.12,1729
2026-02-17T19:00:00+00:00,114.12,114.27000000000001,113.84,113.89,1603
2026-02-17T19:30:00+00:00,113.89,114.34,113.80000000000001,114.22000000000001,1430
2026-02-17T20:00:00+00:00,114.22000000000001,114.54,114.04,114.33000000000001,1678
2026-02-17T20:30:00+00:00,114.33000000000001,114.39,113.68,114.02000000000001,2495
2026-02-18T14:30:00+00:00,114.02000000000001,117.18,114.02000000000001,116.85000000000001,3825
2026-02-18T15:00:00+00:00,116.85000000000001,117.09,116.33000000000001,116.5,3277
2026-02-18T15:30:00+00:00,116.5,117.02000000000001,116.33000000000001,116.69000000000001,2599
2026-02-18T16:00:00+00:00,116.69000000000001,117.09,116.59,116.81,2273
2026-02-18T16:30:00+00:00,116.81,116.92,116.46000000000001,116.72000000000001,1983
2026-02-18T17:00:00+00:00,116.72000000000001,117.17,116.66000000000001,116.92,1545
2026-02-18T17:30:00+00:00,116.92,117.05000000000001,116.81,116.88000000000001,1257
2026-02-18T18:00:00+00:00,116.88000000000001,117.07000000000001,116.03,116.11,1344
2026-02-18T18:30:00+00:00,116.11,116.41000000000001,115.76,115.95000000000002,1344
2026-02-18T19:00:00+00:00,115.95000000000002,116.18,115.86000000000001,115.95000000000002,1578
2026-02-18T19:30:00+00:00,115.95000000000002,116.17000000000002,115.64000000000001,115.84000000000002,1687
2026-02-18T20:00:00+00:00,115.84000000000002,116.19000000000001,115.82000000000001,115.83000000000001,1676
2026-02-18T20:30:00+00:00,115.83000000000001,116.53000000000002,115.80000000000001,116.48000000000002,2376
2026-02-19T14:30:00+00:00,116.48000000000002,116.48000000000002,114.18,115.09000000000002,2949
2026-02-19T15:00:00+00:00,115.09000000000002,115.73000000000002,114.41000000000001,115.15,3331
2026-02-19T15:30:00+00:00,115.15,116.00000000000001,114.96000000000001,115.53000000000002,2343
2026-02-19T16:00:00+00:00,115.53000000000002,115.67000000000002,114.95000000000002,115.08000000000001,1854
2026-02-19T16:30:00+00:00,115.08000000000001,115.39000000000001,114.79,114.88000000000001,2421
2026-02-19T17:00:00+00:00,114.88000000000001,115.29,114.61000000000001,115.01,2412
2026-02-19T17:30:00+00:00,115.01,115.4,114.79,114.9,1652
2026-02-19T18:00:00+00:00,114.9,114.91000000000001,114.50000000000001,114.51,1588
2026-02-19T18:30:00+00:00,114.51,115.05000000000001,114.35000000000001,115.01,1472
2026-02-19T19:00:00+00:00,115.01,115.34000000000002,114.83000000000001,114.96000000000001,1565
2026-02-19T19:30:00+00:00,114.96000000000001,115.38000000000001,114.87,115.26,1840
2026-02-19T20:00:00+00:00,115.26,115.69000000000001,115.24000000000001,115.63000000000001,1614
2026-02-19T20:30:00+00:00,115.63000000000001,115.96000000000001,115.57000000000001,115.75000000000001,1811
2026-02-20T14:30:00+00:00,115.75000000000001,115.75000000000001,114.01,114.53000000000002,3183
2026-02-20T15:00:00+00:00,114.53000000000002,115.84000000000002,114.04,114.67000000000002,4310
2026-02-20T15:30:00+00:00,114.67000000000002,114.93,114.43,114.62000000000002,3131.7090100541377
2026-02-20T16:00:00+00:00,114.62000000000002,114.66000000000003,114.11000000000001,114.12000000000002,2811
2026-02-20T16:30:00+00:00,114.12000000000002,115.15000000000002,114.03000000000002,114.82000000000002,2758
2026-02-20T17:00:00+00:00,114.82000000000002,114.95000000000002,114.08000000000003,114.38000000000002,2534
2026-02-20T17:30:00+00:00,114.38000000000002,115.20000000000002,114.34000000000002,115.01000000000002,2701
2026-02-20T18:00:00+00:00,115.01000000000002,115.18000000000002,114.66000000000003,114.76000000000002,2712
2026-02-20T18:30:00+00:00,114.76000000000002,115.73000000000002,114.62000000000002,115.72000000000003,3530
2026-02-20T19:00:00+00:00,115.72000000000003,115.92000000000002,115.37000000000002,115.42000000000002,2031
2026-02-20T19:30:00+00:00,115.42000000000002,115.56000000000002,115.10000000000002,115.26000000000002,1611
2026-02-20T20:00:00+00:00,115.26000000000002,115.63000000000002,115.22000000000003,115.55000000000003,2297
2026-02-20T20:30:00+00:00,115.55000000000003,116.29000000000002,115.52000000000002,116.17000000000002,2207
2026-02-23T14:30:00+00:00,116.17000000000002,118.03000000000002,114.75000000000001,114.81000000000002,1903
2026-02-23T15:00:00+00:00,114.81000000000002,114.84,112.47000000000001,112.75000000000001,2389
2026-02-23T15:30:00+00:00,112.75000000000001,112.84,111.00000000000001,111.38000000000001,2977
2026-02-23T16:00:00+00:00,111.38000000000001,111.63000000000001,110.55000000000001,111.53000000000002,2803
2026-02-23T16:30:00+00:00,111.53000000000002,111.61000000000001,110.73,110.78000000000002,2162
2026-02-23T17:00:00+00:00,110.78000000000002,111.00000000000001,109.98,110.15,1547
2026-02-23T17:30:00+00:00,110.15,110.94000000000001,110.03000000000002,110.79,1835
2026-02-23T18:00:00+00:00,110.79,111.66000000000001,110.70000000000002,111.66000000000001,1710
2026-02-23T18:30:00+00:00,111.66000000000001,111.91000000000001,111.41000000000001,111.62,1232
2026-02-23T19:00:00+00:00,111.62,112.08000000000001,111.60000000000001,111.79,1323
2026-02-23T19:30:00+00:00,111.79,112.10000000000001,111.65,112.05000000000001,1263
2026-02-23T20:00:00+00:00,112.05000000000001,112.24000000000001,111.70000000000002,112.15,1510
2026-02-23T20:30:00+00:00,112.15,112.30000000000001,111.74000000000001,111.93,2285
2026-02-24T14:30:00+00:00,111.93,112.53000000000002,109.44000000000001,109.66000000000001,4301
2026-02-24T15:00:00+00:00,109.66000000000001,110.23,108.61000000000001,109.98,4568
2026-02-24T15:30:00+00:00,109.98,110.22000000000001,109.49000000000001,109.92000000000002,2762
2026-02-24T16:00:00+00:00,109.92000000000002,110.43,109.72000000000001,110.32000000000001,2293
2026-02-24T16:30:00+00:00,110.32000000000001,110.52000000000001,109.86000000000001,110.51,2337
2026-02-24T17:00:00+00:00,110.51,111.27000000000001,110.48,111.13000000000001,1623
2026-02-24T17:30:00+00:00,111.13000000000001,111.15,110.85000000000001,111.12,1138
2026-02-24T18:00:00+00:00,111.12,111.36000000000001,111.09,111.20000000000002,1260
2026-02-24T18:30:00+00:00,111.20000000000002,111.65,111.08000000000001,111.11000000000001,1204
2026-02-24T19:00:00+00:00,111.11000000000001,111.28000000000002,110.74000000000001,111.02000000000001,1388
2026-02-24T19:30:00+00:00,111.02000000000001,111.09,110.55000000000001,110.61000000000001,1452
2026-02-24T20:00:00+00:00,110.61000000000001,110.82000000000001,110.25000000000001,110.30000000000001,1624
2026-02-24T20:30:00+00:00,110.30000000000001,110.88000000000001,110.29,110.69000000000001,2264
2026-02-25T14:30:00+00:00,110.69000000000001,113.44000000000001,110.69000000000001,113.11000000000001,2230
2026-02-25T15:00:00+00:00,113.11000000000001,113.48,112.65,112.96000000000001,2393
2026-02-25T15:30:00+00:00,112.96000000000001,114.05000000000001,112.80000000000001,113.62,2660
2026-02-25T16:00:00+00:00,113.62,114.57000000000001,113.52000000000001,114.44000000000001,1872
2026-02-25T16:30:00+00:00,114.44000000000001,114.89000000000001,114.41000000000001,114.83000000000001,1996
2026-02-25T17:00:00+00:00,114.83000000000001,115.06000000000002,114.64000000000001,114.80000000000001,1552
2026-02-25T17:30:00+00:00,114.80000000000001,115.20000000000002,114.78000000000002,115.05000000000001,1453
2026-02-25T18:00:00+00:00,115.05000000000001,115.23,114.98,115.01,947
2026-02-25T18:30:00+00:00,115.01,115.25000000000001,114.9,115.20000000000002,1085
2026-02-25T19:00:00+00:00,115.20000000000002,115.33000000000001,114.88000000000001,114.95000000000002,1186
2026-02-25T19:30:00+00:00,114.95000000000002,115.34,114.89000000000001,115.20000000000002,1086
2026-02-25T20:00:00+00:00,115.20000000000002,115.30000000000001,115.09,115.15,1298
2026-02-25T20:30:00+00:00,115.15,115.66000000000001,115.14000000000001,115.47000000000001,2677
2026-02-26T14:30:00+00:00,115.47000000000001,118.11000000000001,115.45000000000002,116.59,3002
2026-02-26T15:00:00+00:00,116.59,117.02000000000001,115.73,116.00000000000001,3479
2026-02-26T15:30:00+00:00,116.00000000000001,116.80000000000001,115.95000000000002,116.72000000000001,3100
2026-02-26T16:00:00+00:00,116.72000000000001,117.34,116.51,117.09,2334
2026-02-26T16:30:00+00:00,117.09,117.19000000000001,116.09,116.13000000000001,3128
2026-02-26T17:00:00+00:00,116.13000000000001,116.4,115.58000000000001,116.24000000000001,2571
2026-02-26T17:30:00+00:00,116.24000000000001,116.50000000000001,115.84,116.35000000000001,1827
2026-02-26T18:00:00+00:00,116.35000000000001,116.86000000000001,116.23,116.70000000000002,1934
2026-02-26T18:30:00+00:00,116.70000000000002,117.47000000000001,116.67000000000002,117.38000000000002,1964.0826861560743
2026-02-26T19:00:00+00:00,117.38000000000002,117.72000000000004,117.28000000000003,117.51000000000005,1578.9350858630146
2026-02-26T19:30:00+00:00,117.51000000000005,117.83000000000004,117.51000000000005,117.58000000000003,1425.480498776452
2026-02-26T20:00:00+00:00,117.58000000000003,117.88000000000001,117.50000000000003,117.59000000000002,1551.5273292950428
2026-02-26T20:30:00+00:00,117.59000000000002,117.76000000000002,117.40000000000002,117.50000000000001,2151
2026-02-27T14:30:00+00:00,117.50000000000001,117.50000000000001,110.88000000000001,112.06000000000002,4199
2026-02-27T15:00:00+00:00,112.06000000000002,113.97000000000001,111.62000000000002,111.63000000000001,4813
2026-02-27T15:30:00+00:00,111.63000000000001,112.91000000000001,111.51000000000002,112.2,3512.580581372355
2026-02-27T16:00:00+00:00,112.2,112.9,111.9,112.67,2957
2026-02-27T16:30:00+00:00,112.67,112.87,111.11,111.28,2939
2026-02-27T17:00:00+00:00,111.28,111.84,109.99000000000001,110.06,2723
2026-02-27T17:30:00+00:00,110.06,111.17,110.01,111.09,3582
2026-02-27T18:00:00+00:00,111.09,111.47,110.68,110.79,2587
2026-02-27T18:30:00+00:00,110.79,111.42,110.72,111.36,2501
2026-02-27T19:00:00+00:00,111.36,111.46000000000001,110.59,110.65,2103
2026-02-27T19:30:00+00:00,110.65,110.87,110.27000000000001,110.36,2238
2026-02-27T20:00:00+00:00,110.36,111.4,110.33,111.21000000000001,2543
2026-02-27T20:30:00+00:00,111.21000000000001,111.63000000000001,110.86,111.51,2899
2026-03-02T14:30:00+00:00,111.51,114.53999999999999,111.51,114.35,3932.264343290659
2026-03-02T15:00:00+00:00,114.35,115.16,113.88,114.72,4026
2026-03-02T15:30:00+00:00,114.72,115.53,114.36999999999999,115.36,3366
2026-03-02T16:00:00+00:00,115.36,116.39999999999999,115.27,115.53999999999999,2911
2026-03-02T16:30:00+00:00,115.53999999999999,116.55,115.53999999999999,116.36,3381
2026-03-02T17:00:00+00:00,116.36,117.16,116.24,116.28999999999999,2389
2026-03-02T17:30:00+00:00,116.28999999999999,116.71,116.02,116.2,2002
2026-03-02T18:00:00+00:00,116.2,116.64999999999999,116.11999999999999,116.55,2074
2026-03-02T18:30:00+00:00,116.55,116.64999999999999,116.25,116.46,2107
2026-03-02T19:00:00+00:00,116.46,117.22,116.42,117.03999999999999,2273
2026-03-02T19:30:00+00:00,117.03999999999999,117.31,116.88,117.07,1593
2026-03-02T20:00:00+00:00,117.07,117.11,116.08,116.44,3184
2026-03-02T20:30:00+00:00,116.44,117.00999999999999,116.42,116.75999999999999,2966
2026-03-03T14:30:00+00:00,116.75999999999999,116.75999999999999,112.17999999999999,113.56,3259
2026-03-03T15:00:00+00:00,113.56,114.06,112.84,113.39,3365
2026-03-03T15:30:00+00:00,113.39,114.28,113.17999999999999,114,4135
2026-03-03T16:00:00+00:00,114,115.06,113.71,114.63,3803
2026-03-03T16:30:00+00:00,114.63,115.75,114.49,115.44,3194
2026-03-03T17:00:00+00:00,115.44,115.89,115.21,115.57,2445
2026-03-03T17:30:00+00:00,115.57,116.14999999999999,115.33,116.1,2570
2026-03-03T18:00:00+00:00,116.1,116.74,115.92999999999999,116.52,2523
2026-03-03T18:30:00+00:00,116.52,117.2,116.5,116.97,3010
2026-03-03T19:00:00+00:00,116.97,117.24,116.61,116.89,2425
2026-03-03T19:30:00+00:00,116.89,117.78999999999999,116.78999999999999,117.3,3300
2026-03-03T20:00:00+00:00,117.3,117.31,116.35,116.82,2745
2026-03-03T20:30:00+00:00,116.82,116.96,116.06,116.19,2829
2026-03-04T14:30:00+00:00,116.19,117.63,115.85,116.82,2377
2026-03-04T15:00:00+00:00,116.82,117.2,116.36,116.78999999999999,2282
2026-03-04T15:30:00+00:00,116.78999999999999,117.24,116.3,117.11,2991
2026-03-04T16:00:00+00:00,117.11,117.25,116.48,116.83,2520
2026-03-04T16:30:00+00:00,116.83,117.58,116.81,117.23,1804
2026-03-04T17:00:00+00:00,117.23,117.56,117.1,117.2,1741
2026-03-04T17:30:00+00:00,117.2,117.25,116.91,117.2,1773
2026-03-04T18:00:00+00:00,117.2,117.27,116.53999999999999,116.66,1749
2026-03-04T18:30:00+00:00,116.66,117.08,116.64,116.97,1523
2026-03-04T19:00:00+00:00,116.97,117.11999999999999,116.77,116.8,1296
2026-03-04T19:30:00+00:00,116.8,117.3,116.78999999999999,116.96,1350
2026-03-04T20:00:00+00:00,116.96,117.17,116.88,117,1252
2026-03-04T20:30:00+00:00,117,117.28,116.6,116.67999999999999,2227
2026-03-05T14:30:00+00:00,116.67999999999999,117.02,115.42999999999999,116.36,2962
2026-03-05T15:00:00+00:00,116.36,116.36,114.64999999999999,114.89,3168
2026-03-05T15:30:00+00:00,114.89,115.33,114.45,115.00999999999999,3453
2026-03-05T16:00:00+00:00,115.00999999999999,115.14999999999999,114.03,114.1,2530
2026-03-05T16:30:00+00:00,114.1,114.67999999999999,114.05,114.28,2747
2026-03-05T17:00:00+00:00,114.28,114.67,113.98,114,2710
2026-03-05T17:30:00+00:00,114,114.3,113.75999999999999,113.99,3587
2026-03-05T18:00:00+00:00,113.99,114.61,113.77,114.03999999999999,3264
2026-03-05T18:30:00+00:00,114.03999999999999,114.5,113.83,114.1,2897
2026-03-05T19:00:00+00:00,114.1,114.25,113.58,113.64999999999999,2601
2026-03-05T19:30:00+00:00,113.64999999999999,113.74,113.31,113.64,2444
2026-03-05T20:00:00+00:00,113.64,114.42,113.48,114.14999999999999,2919
2026-03-05T20:30:00+00:00,114.14999999999999,114.69,114.07,114.47,3330
2026-03-06T14:30:00+00:00,114.47,114.47,108.52,109.14999999999999,4388
2026-03-06T15:00:00+00:00,109.14999999999999,110.7,109.11999999999999,110.44,3976
2026-03-06T15:30:00+00:00,110.44,111.25999999999999,110.2,110.81,4893
2026-03-06T16:00:00+00:00,110.81,111.25999999999999,110.38,110.45,3606
2026-03-06T16:30:00+00:00,110.45,111.69,110.31,111.44,3526
2026-03-06T17:00:00+00:00,111.44,111.72,111.03,111.24,3154
2026-03-06T17:30:00+00:00,111.24,111.39,110.78999999999999,111.2,2574
2026-03-06T18:00:00+00:00,111.2,111.95,111.17,111.71,2859
2026-03-06T18:30:00+00:00,111.71,111.81,111.21,111.44,2717
2026-03-06T19:00:00+00:00,111.44,111.61,111.23,111.42999999999999,2365
2026-03-06T19:30:00+00:00,111.42999999999999,111.59,111.22,111.36999999999999,2638
2026-03-06T20:00:00+00:00,111.36999999999999,111.69,111.19,111.23,2512
2026-03-06T20:30:00+00:00,111.23,112.03,111.2,111.98,3835
2026-03-09T13:30:00+00:00,111.98,111.98,107.83,107.97,3776
2026-03-09T14:00:00+00:00,107.97,108.67999999999999,107.45,107.78999999999999,4347
2026-03-09T14:30:00+00:00,107.78999999999999,108.78999999999999,107.78999999999999,108.53,3848
2026-03-09T15:00:00+00:00,108.53,109.25,108.28,109.24,3442
2026-03-09T15:30:00+00:00,109.24,109.25,108.73,108.96,3356
2026-03-09T16:00:00+00:00,108.96,109.27,108.72,109.09,3119
2026-03-09T16:30:00+00:00,109.09,109.46,108.86,109.00999999999999,2654
2026-03-09T17:00:00+00:00,109.00999999999999,109.09,108.50999999999999,108.55,2382
2026-03-09T17:30:00+00:00,108.55,108.7,108.19,108.56,2131
2026-03-09T18:00:00+00:00,108.56,108.95,108.42,108.74,2388
2026-03-09T18:30:00+00:00,108.74,109.09,108.63,108.71,2668
2026-03-09T19:00:00+00:00,108.71,111.52,108.71,111.48,3115
2026-03-09T19:30:00+00:00,111.48,112.42999999999999,111.23,112.07,4151
2026-03-10T13:30:00+00:00,112.07,115.56,112.07,113.14999999999999,3911
2026-03-10T14:00:00+00:00,113.14999999999999,114.75,112.75999999999999,114.28,3247
2026-03-10T14:30:00+00:00,114.28,115.28999999999999,114.13,115.17999999999999,2462
2026-03-10T15:00:00+00:00,115.17999999999999,115.45,114.52,115.33,2251
2026-03-10T15:30:00+00:00,115.33,115.64,114.92999999999999,115.08,2184
2026-03-10T16:00:00+00:00,115.08,115.09,114.58,114.91,2197
2026-03-10T16:30:00+00:00,114.91,115.47,114.91,115.2,1845
2026-03-10T17:00:00+00:00,115.2,116.25999999999999,115.16,116.25999999999999,2003
2026-03-10T17:30:00+00:00,116.25999999999999,116.33,115.66,116.05,3011
2026-03-10T18:00:00+00:00,116.05,116.32,114.34,115.00999999999999,4303
2026-03-10T18:30:00+00:00,115.00999999999999,115.6,114.89999999999999,115.16,3407
2026-03-10T19:00:00+00:00,115.16,115.46,114.74,114.85,2522
2026-03-10T19:30:00+00:00,114.85,114.99,114.19,114.34,3495
2026-03-11T13:30:00+00:00,114.34,115.78,113.84,114.68,2396
2026-03-11T14:00:00+00:00,114.68,115.63000000000001,113.82000000000001,113.85000000000001,3102
2026-03-11T14:30:00+00:00,113.85000000000001,115.48,113.83000000000001,115.46000000000001,2828
2026-03-11T15:00:00+00:00,115.46000000000001,115.72000000000001,114.22000000000001,114.45,3246
2026-03-11T15:30:00+00:00,114.45,114.60000000000001,113.82000000000001,114.23,2600
2026-03-11T16:00:00+00:00,114.23,114.35000000000001,113.86000000000001,114.14000000000001,2294
2026-03-11T16:30:00+00:00,114.14000000000001,114.98,114.14000000000001,114.84,1866
2026-03-11T17:00:00+00:00,114.84,114.89000000000001,114.24000000000001,114.68,1996
2026-03-11T17:30:00+00:00,114.68,115.02000000000001,114.18,114.55000000000001,2438
2026-03-11T18:00:00+00:00,114.55000000000001,114.93,114.21000000000001,114.78,2083
2026-03-11T18:30:00+00:00,114.78,115.12,114.65,114.81,1825
2026-03-11T19:00:00+00:00,114.81,115.16000000000001,114.67,114.95,1735
2026-03-11T19:30:00+00:00,114.95,115.56,114.94000000000001,115.51,2146
2026-03-12T13:30:00+00:00,115.51,115.51,111.58000000000001,112.11000000000001,3370
2026-03-12T14:00:00+00:00,112.11000000000001,112.56,111.07000000000001,111.07000000000001,2923
2026-03-12T14:30:00+00:00,111.07000000000001,112.35000000000001,110.94000000000001,111.58000000000001,3231
2026-03-12T15:00:00+00:00,111.58000000000001,111.85000000000001,111.07000000000001,111.66000000000001,2775
2026-03-12T15:30:00+00:00,111.66000000000001,112.67,111.58000000000001,112.44000000000001,3872
2026-03-12T16:00:00+00:00,112.44000000000001,112.99000000000001,111.96000000000001,112.28,3560
2026-03-12T16:30:00+00:00,112.28,112.63000000000001,111.82000000000001,112.07000000000001,3125
2026-03-12T17:00:00+00:00,112.07000000000001,112.38000000000001,111.73,111.87,2982
2026-03-12T17:30:00+00:00,111.87,112.26,111.65,111.79,3141
2026-03-12T18:00:00+00:00,111.79,112.21000000000001,111.57000000000001,111.77000000000001,2856
2026-03-12T18:30:00+00:00,111.77000000000001,112.04,111.67,111.84,2275
2026-03-12T19:00:00+00:00,111.84,112.31,111.78,112.23,3011
2026-03-12T19:30:00+00:00,112.23,112.41000000000001,111.82000000000001,111.85000000000001,3011
2026-03-13T13:30:00+00:00,111.85000000000001,114.19000000000001,111.85000000000001,113.25000000000001,2209
2026-03-13T14:00:00+00:00,113.25000000000001,113.49000000000001,112.68,113.12,2325
2026-03-13T14:30:00+00:00,113.12,113.77000000000001,112.93,113.28,2587
2026-03-13T15:00:00+00:00,113.28,113.54,112.72000000000001,112.9,2731
2026-03-13T15:30:00+00:00,112.9,113.48,112.73,113.08000000000001,3284
2026-03-13T16:00:00+00:00,113.08000000000001,113.34,112.58000000000001,112.58000000000001,2862
2026-03-13T16:30:00+00:00,112.58000000000001,112.9,112.36000000000001,112.43,2749
2026-03-13T17:00:00+00:00,112.43,112.80000000000001,112.34,112.52000000000001,2023
2026-03-13T17:30:00+00:00,112.52000000000001,112.68,111.7,111.86000000000001,2655
2026-03-13T18:00:00+00:00,111.86000000000001,112.28,111.7,112.22000000000001,2226
2026-03-13T18:30:00+00:00,112.22000000000001,112.63000000000001,112.11000000000001,112.38000000000001,1888
2026-03-13T19:00:00+00:00,112.38000000000001,112.47000000000001,111.85000000000001,111.91000000000001,2096
2026-03-13T19:30:00+00:00,111.91000000000001,112.25000000000001,111.84,112.03,2482
2026-03-16T13:30:00+00:00,112.03,114.86000000000001,112.03,114.76,3439
2026-03-16T14:00:00+00:00,114.76,115.02000000000001,114.00000000000001,114.00000000000001,3491
2026-03-16T14:30:00+00:00,114.00000000000001,114.16000000000001,113.24000000000001,114.10000000000001,3519
2026-03-16T15:00:00+00:00,114.10000000000001,114.15,113.4,113.84,2800
2026-03-16T15:30:00+00:00,113.84,114.14000000000001,113.49000000000001,113.68,2423
2026-03-16T16:00:00+00:00,113.68,114.00000000000001,113.06,113.17,2495
2026-03-16T16:30:00+00:00,113.17,113.72000000000001,112.96000000000001,113.46000000000001,2271
2026-03-16T17:00:00+00:00,113.46000000000001,113.75000000000001,113.39000000000001,113.41000000000001,2323
2026-03-16T17:30:00+00:00,113.41000000000001,113.63000000000001,113.09,113.44000000000001,2082
2026-03-16T18:00:00+00:00,113.44000000000001,113.79,113.35000000000001,113.7,2109
2026-03-16T18:30:00+00:00,113.7,113.94000000000001,113.60000000000001,113.73,2005
2026-03-16T19:00:00+00:00,113.73,114.02000000000001,113.30000000000001,113.51,2827
2026-03-16T19:30:00+00:00,113.51,113.73,113.18,113.67,2957
2026-03-17T13:30:00+00:00,113.67,116.07000000000001,113.67,115.13000000000001,2366
2026-03-17T14:00:00+00:00,115.13000000000001,115.26,114.49000000000001,114.67,2179
2026-03-17T14:30:00+00:00,114.67,114.96000000000001,114.35000000000001,114.65,2046
2026-03-17T15:00:00+00:00,114.65,114.73,114.09,114.15,1858
2026-03-17T15:30:00+00:00,114.15,114.45,113.99000000000001,114.29,2132
2026-03-17T16:00:00+00:00,114.29,114.36000000000001,113.91000000000001,113.95,2050
2026-03-17T16:30:00+00:00,113.95,114.18,113.75000000000001,114.09,1638
2026-03-17T17:00:00+00:00,114.09,114.44000000000001,114.09,114.37,1387
2026-03-17T17:30:00+00:00,114.37,114.50000000000001,114.24000000000001,114.36000000000001,1338
2026-03-17T18:00:00+00:00,114.36000000000001,114.61000000000001,114.16000000000001,114.18,1278
2026-03-17T18:30:00+00:00,114.18,114.56,114.17,114.44000000000001,1307
2026-03-17T19:00:00+00:00,114.44000000000001,114.47000000000001,114.19000000000001,114.28,1326
2026-03-17T19:30:00+00:00,114.28,114.72000000000001,113.85000000000001,114.09,2008
2026-03-18T13:30:00+00:00,114.09,115.80000000000001,113.03,115.80000000000001,3183
2026-03-18T14:00:00+00:00,115.80000000000001,115.85000000000001,114.2,114.37,3572
2026-03-18T14:30:00+00:00,114.37,114.87,114.2,114.87,3368
2026-03-18T15:00:00+00:00,114.87,115.23,114.50000000000001,114.72000000000001,3531
2026-03-18T15:30:00+00:00,114.72000000000001,115.17,114.71000000000001,114.9,2758
2026-03-18T16:00:00+00:00,114.9,115.23,114.71000000000001,114.96000000000001,2722
2026-03-18T16:30:00+00:00,114.96000000000001,115.16000000000001,114.64000000000001,115.01,2366
2026-03-18T17:00:00+00:00,115.01,115.14000000000001,114.78,115.02000000000001,2149
2026-03-18T17:30:00+00:00,115.02000000000001,115.49000000000001,114.94000000000001,115.34,2541
2026-03-18T18:00:00+00:00,115.34,115.71000000000001,115.11000000000001,115.46000000000001,3512
2026-03-18T18:30:00+00:00,115.46000000000001,115.77000000000001,114.61000000000001,114.77000000000001,4002
2026-03-18T19:00:00+00:00,114.77000000000001,115.38000000000001,114.7,114.81,2948
2026-03-18T19:30:00+00:00,114.81,115.03,114.7,114.95,3235
2026-03-19T13:30:00+00:00,114.95,115.55000000000001,112.7,115.07000000000001,4335
2026-03-19T14:00:00+00:00,115.07000000000001,115.17,113.55000000000001,113.82000000000001,3896
2026-03-19T14:30:00+00:00,113.82000000000001,115.28,113.68,115.22000000000001,3967
2026-03-19T15:00:00+00:00,115.22000000000001,115.65,115.17,115.46000000000001,3869
2026-03-19T15:30:00+00:00,115.46000000000001,115.73,114.89000000000001,115.27000000000001,4148
2026-03-19T16:00:00+00:00,115.27000000000001,115.89000000000001,115.19000000000001,115.36000000000001,3814
2026-03-19T16:30:00+00:00,115.36000000000001,115.93,114.56,115.01,3594
2026-03-19T17:00:00+00:00,115.01,115.62,114.68,115.50000000000001,2732
2026-03-19T17:30:00+00:00,115.50000000000001,115.77000000000001,115.34,115.49000000000001,2178
2026-03-19T18:00:00+00:00,115.49000000000001,115.86000000000001,115.31,115.51,2159
2026-03-19T18:30:00+00:00,115.51,115.86000000000001,115.04,115.71000000000001,2322
2026-03-19T19:00:00+00:00,115.71000000000001,116.9,115.64000000000001,116.07000000000001,4986
2026-03-19T19:30:00+00:00,116.07000000000001,116.44000000000001,115.92,116.25000000000001,4165
2026-03-20T13:30:00+00:00,116.25000000000001,117.27000000000001,115.38000000000001,116.06,2993
2026-03-20T14:00:00+00:00,116.06,116.95,115.51,115.55000000000001,3119
2026-03-20T14:30:00+00:00,115.55000000000001,116.41000000000001,115.49000000000001,115.85000000000001,2348
2026-03-20T15:00:00+00:00,115.85000000000001,116.69000000000001,115.58000000000001,115.72000000000001,2191
2026-03-20T15:30:00+00:00,115.72000000000001,116.66000000000001,115.66000000000001,116.33000000000001,2203
2026-03-20T16:00:00+00:00,116.33000000000001,117.03,116.27000000000001,116.86000000000001,2585
2026-03-20T16:30:00+00:00,116.86000000000001,117.34,116.51,117.23,2370
2026-03-20T17:00:00+00:00,117.23,117.56,116.80000000000001,117.04,2568
2026-03-20T17:30:00+00:00,117.04,117.12,116.58000000000001,116.93,2249
2026-03-20T18:00:00+00:00,116.93,116.99000000000001,116.10000000000001,116.17,2753
2026-03-20T18:30:00+00:00,116.17,116.24000000000001,115.74000000000001,116.08000000000001,2410
2026-03-20T19:00:00+00:00,116.08000000000001,116.30000000000001,115.79,115.89000000000001,2722
2026-03-20T19:30:00+00:00,115.89000000000001,116.23,115.15,115.91000000000001,4370
2026-03-23T13:30:00+00:00,115.91000000000001,119.68,115.91000000000001,118.7,4542
2026-03-23T14:00:00+00:00,118.7,119.15,118.35000000000001,118.61000000000001,4292
2026-03-23T14:30:00+00:00,118.61000000000001,119.12,118.39000000000001,119.12,3597
2026-03-23T15:00:00+00:00,119.12,119.67,119.00000000000001,119.33000000000001,4069
2026-03-23T15:30:00+00:00,119.33000000000001,119.50000000000001,117.71000000000001,117.83000000000001,4792
2026-03-23T16:00:00+00:00,117.83000000000001,118.18,117.35000000000001,117.39000000000001,3764
2026-03-23T16:30:00+00:00,117.39000000000001,118.04,117.28,117.86000000000001,3442
2026-03-23T17:00:00+00:00,117.86000000000001,118.07000000000001,117.51,117.87,2853
2026-03-23T17:30:00+00:00,117.87,118.72000000000001,117.82000000000001,118.69000000000001,2890
2026-03-23T18:00:00+00:00,118.69000000000001,118.7,118.16000000000001,118.42,3006
2026-03-23T18:30:00+00:00,118.42,118.87,118.37,118.63000000000001,2640
2026-03-23T19:00:00+00:00,118.63000000000001,118.65,117.97000000000001,118.01,1957
2026-03-23T19:30:00+00:00,118.01,118.46000000000001,117.82000000000001,118.02000000000001,3196
2026-03-24T13:30:00+00:00,118.02000000000001,118.02000000000001,115.74000000000001,117.26,2365
2026-03-24T14:00:00+00:00,117.26,118.2,117.11000000000001,118.04,2569
2026-03-24T14:30:00+00:00,118.04,119.67,117.97000000000001,119.44000000000001,3106
2026-03-24T15:00:00+00:00,119.44000000000001,120.68,119.44000000000001,120.42,2652
2026-03-24T15:30:00+00:00,120.42,121.13000000000001,120.36000000000001,120.45,2383
2026-03-24T16:00:00+00:00,120.45,120.65,120.15,120.28,1879
2026-03-24T16:30:00+00:00,120.28,120.69000000000001,120.06,120.33000000000001,1769
2026-03-24T17:00:00+00:00,120.33000000000001,120.44000000000001,119.59,119.7,2086
2026-03-24T17:30:00+00:00,119.7,119.93,119.44000000000001,119.83000000000001,2524
2026-03-24T18:00:00+00:00,119.83000000000001,120.04,119.65,119.95,1971
2026-03-24T18:30:00+00:00,119.95,120.60000000000001,119.9,120.22000000000001,2015
2026-03-24T19:00:00+00:00,120.22000000000001,120.37,119.79,119.86000000000001,1949
2026-03-24T19:30:00+00:00,119.86000000000001,120.21000000000001,119.71000000000001,120.10000000000001,2693
2026-03-25T13:30:00+00:00,120.10000000000001,122.44000000000001,120.10000000000001,121.06,2572
2026-03-25T14:00:00+00:00,121.06,121.74000000000001,120.89000000000001,121.24000000000001,2994
2026-03-25T14:30:00+00:00,121.24000000000001,121.58000000000001,120.94000000000001,121.42,2337
2026-03-25T15:00:00+00:00,121.42,121.63000000000001,119.87,120.99000000000001,4089
2026-03-25T15:30:00+00:00,120.99000000000001,121.21000000000001,120.54,120.76,3065
2026-03-25T16:00:00+00:00,120.76,120.92,120.47000000000001,120.80000000000001,2990
2026-03-25T16:30:00+00:00,120.80000000000001,121.19000000000001,120.72000000000001,121.00000000000001,2275
2026-03-25T17:00:00+00:00,121.00000000000001,121.15,120.69000000000001,120.78,2266
2026-03-25T17:30:00+00:00,120.78,121.21000000000001,120.54,120.92,2399
2026-03-25T18:00:00+00:00,120.92,121.25000000000001,120.84,121.00000000000001,1967
2026-03-25T18:30:00+00:00,121.00000000000001,121.29,120.77000000000001,120.94000000000001,1698
2026-03-25T19:00:00+00:00,120.94000000000001,121.05000000000001,120.61000000000001,120.98,1879
2026-03-25T19:30:00+00:00,120.98,121.13000000000001,120.7,120.85000000000001,2832
2026-03-26T13:30:00+00:00,120.85000000000001,121.11000000000001,118.93,120.39000000000001,2306
2026-03-26T14:00:00+00:00,120.39000000000001,120.57000000000001,119.73,119.78,3138
2026-03-26T14:30:00+00:00,119.78,120.19000000000001,118.65,118.98,3775
2026-03-26T15:00:00+00:00,118.98,119.46000000000001,118.79,119.13000000000001,2800
2026-03-26T15:30:00+00:00,119.13000000000001,119.46000000000001,118.74000000000001,119.4,2498
2026-03-26T16:00:00+00:00,119.4,119.59,118.22000000000001,118.30000000000001,2794
2026-03-26T16:30:00+00:00,118.30000000000001,118.79,118.28,118.59,2104
2026-03-26T17:00:00+00:00,118.59,118.73,117.9,118.09,1825
2026-03-26T17:30:00+00:00,118.09,118.55000000000001,118.06,118.2,1696
2026-03-26T18:00:00+00:00,118.2,118.65,118.16000000000001,118.51,1760
2026-03-26T18:30:00+00:00,118.51,119.03,118.51,118.92,1336
2026-03-26T19:00:00+00:00,118.92,118.97000000000001,118.53,118.62,1795
2026-03-26T19:30:00+00:00,118.62,119.02000000000001,118.42,118.71000000000001,2445
2026-03-27T13:30:00+00:00,118.71000000000001,118.71000000000001,115.82000000000001,116.74000000000001,2359
2026-03-27T14:00:00+00:00,116.74000000000001,117.13000000000001,115.59,116.76,2666
2026-03-27T14:30:00+00:00,116.76,117.27000000000001,116.46000000000001,116.99000000000001,2187
2026-03-27T15:00:00+00:00,116.99000000000001,117.48,116.77000000000001,117.21000000000001,2483
2026-03-27T15:30:00+00:00,117.21000000000001,117.67,114.85000000000001,115.64000000000001,2399
2026-03-27T16:00:00+00:00,115.64000000000001,115.84,113.36000000000001,114.61000000000001,3074
2026-03-27T16:30:00+00:00,114.61000000000001,115.36000000000001,114.24000000000001,115.06,2362
2026-03-27T17:00:00+00:00,115.06,115.46000000000001,114.31,114.33000000000001,2895
2026-03-27T17:30:00+00:00,114.33000000000001,114.63000000000001,113.98000000000002,114.15000000000002,2776.6692635874606
2026-03-27T18:00:00+00:00,114.15000000000002,114.33000000000001,113.64000000000001,114.01000000000002,2118
2026-03-27T18:30:00+00:00,114.01000000000002,114.66000000000001,113.96000000000001,114.42000000000002,1871
2026-03-27T19:00:00+00:00,114.42000000000002,114.57000000000001,113.73000000000002,113.80000000000001,2178
2026-03-27T19:30:00+00:00,113.80000000000001,114.01000000000002,113.30000000000001,113.69000000000001,3147
2026-03-30T13:30:00+00:00,113.69000000000001,115.72000000000001,113.68,114.12000000000002,2350
2026-03-30T14:00:00+00:00,114.12000000000002,114.66000000000001,113.89000000000001,114.53000000000002,2687
2026-03-30T14:30:00+00:00,114.53000000000002,114.80000000000001,113.46000000000001,114.77000000000001,3073
2026-03-30T15:00:00+00:00,114.77000000000001,115.34000000000002,114.69000000000001,115.14000000000001,3560
2026-03-30T15:30:00+00:00,115.14000000000001,115.60000000000001,115.00000000000001,115.24000000000001,3217
2026-03-30T16:00:00+00:00,115.24000000000001,115.27000000000001,114.77000000000001,114.89000000000001,2552
2026-03-30T16:30:00+00:00,114.89000000000001,114.99000000000001,114.43,114.49000000000001,2413
2026-03-30T17:00:00+00:00,114.49000000000001,114.61000000000001,113.75000000000001,114.03000000000002,2593
2026-03-30T17:30:00+00:00,114.03000000000002,114.14000000000001,113.71000000000001,113.98000000000002,2694
2026-03-30T18:00:00+00:00,113.98000000000002,114.11000000000001,113.65000000000002,113.68,2122
2026-03-30T18:30:00+00:00,113.68,113.93,113.49000000000001,113.74000000000001,2056
2026-03-30T19:00:00+00:00,113.74000000000001,113.79,112.88000000000001,113.04,2054
2026-03-30T19:30:00+00:00,113.04,113.67000000000002,112.87000000000002,113.62000000000002,3102
2026-03-31T13:30:00+00:00,113.62000000000002,117.82000000000001,113.62000000000002,117.80000000000001,3538
2026-03-31T14:00:00+00:00,117.80000000000001,118.17000000000002,116.48000000000002,117.28000000000002,3506
2026-03-31T14:30:00+00:00,117.28000000000002,117.50000000000001,116.05000000000001,116.32000000000001,3422
2026-03-31T15:00:00+00:00,116.32000000000001,117.33000000000001,116.25000000000001,116.74000000000001,3112
2026-03-31T15:30:00+00:00,116.74000000000001,117.17000000000002,116.57000000000001,116.67000000000002,2586
2026-03-31T16:00:00+00:00,116.67000000000002,117.30000000000001,116.53000000000002,117.15000000000002,2739
2026-03-31T16:30:00+00:00,117.15000000000002,119.03000000000002,117.01000000000002,118.42000000000002,3901
2026-03-31T17:00:00+00:00,118.42000000000002,119.02000000000001,118.36000000000001,118.72000000000001,2690
2026-03-31T17:30:00+00:00,118.72000000000001,119.29,118.37000000000002,118.82000000000001,2721
2026-03-31T18:00:00+00:00,118.82000000000001,119.54,118.78000000000002,119.37000000000002,2652
2026-03-31T18:30:00+00:00,119.37000000000002,119.90000000000002,119.24000000000001,119.85000000000001,2242
2026-03-31T19:00:00+00:00,119.85000000000001,120.03000000000002,119.21000000000001,119.23000000000002,2096
2026-03-31T19:30:00+00:00,119.23000000000002,120.11000000000001,119.22000000000001,119.78000000000002,3452
2026-04-01T13:30:00+00:00,119.78000000000002,122.94000000000001,119.78000000000002,122.14000000000001,2193
2026-04-01T14:00:00+00:00,122.14000000000001,122.62000000000002,120.47000000000001,121.14000000000001,2101
2026-04-01T14:30:00+00:00,121.14000000000001,122.14000000000001,120.41000000000001,121.96000000000001,1488
2026-04-01T15:00:00+00:00,121.96000000000001,122.18,121.72000000000001,121.94000000000001,1139
2026-04-01T15:30:00+00:00,121.94000000000001,122.42000000000002,121.80000000000001,122.29,1347
2026-04-01T16:00:00+00:00,122.29,122.46000000000001,121.93,122.01000000000002,1466
2026-04-01T16:30:00+00:00,122.01000000000002,122.22000000000001,121.85000000000001,122.14000000000001,1135
2026-04-01T17:00:00+00:00,122.14000000000001,122.14000000000001,121.85000000000001,121.95000000000002,1211
2026-04-01T17:30:00+00:00,121.95000000000002,122.06,121.8,121.93,1436.8408896492729
2026-04-01T18:00:00+00:00,121.93,121.96000000000001,120.86,121.08,1652
2026-04-01T18:30:00+00:00,121.08,121.37,120.86,121.13000000000001,1518
2026-04-01T19:00:00+00:00,121.13000000000001,121.69,121.05,121.62,1272
2026-04-01T19:30:00+00:00,121.62,121.89,121.51,121.73,2258
2026-04-02T13:30:00+00:00,121.73,121.73,117.8,119.99000000000001,1459
2026-04-02T14:00:00+00:00,119.99000000000001,120.09,119.38000000000001,119.94,1534
2026-04-02T14:30:00+00:00,119.94,121.88000000000001,119.87,121.07000000000001,1651
2026-04-02T15:00:00+00:00,121.07000000000001,121.21000000000001,120.5,120.87,1520
2026-04-02T15:30:00+00:00,120.87,121.08,120.45,120.82000000000001,1980
2026-04-02T16:00:00+00:00,120.82000000000001,120.96000000000001,120.31,120.38000000000001,1669
2026-04-02T16:30:00+00:00,120.38000000000001,120.93,120.32000000000001,120.55,1442
2026-04-02T17:00:00+00:00,120.55,121.15,120.44,121.07000000000001,1245
2026-04-02T17:30:00+00:00,121.07000000000001,121.17,120.62,120.82000000000001,1265
2026-04-02T18:00:00+00:00,120.82000000000001,121.15,120.71000000000001,121.09,1132
2026-04-02T18:30:00+00:00,121.09,121.43,121.02000000000001,121.16000000000001,1247
2026-04-02T19:00:00+00:00,121.16000000000001,121.38000000000001,121.12,121.26,1198
2026-04-02T19:30:00+00:00,121.26,121.68,121.12,121.63000000000001,1671
2026-04-06T13:30:00+00:00,121.63000000000001,124.01,121.63000000000001,122.98,1906
2026-04-06T14:00:00+00:00,122.98,123.42,122.44,123.25,1389
2026-04-06T14:30:00+00:00,123.25,123.45,122.54,122.9,1512
2026-04-06T15:00:00+00:00,122.9,123.04,122.58,122.87,1276
2026-04-06T15:30:00+00:00,122.87,123.04,122.66000000000001,122.92,1036
2026-04-06T16:00:00+00:00,122.92,123.17,122.89,123.05,829
2026-04-06T16:30:00+00:00,123.05,123.22,122.9,123.09,808
2026-04-06T17:00:00+00:00,123.09,123.11,122.53,122.88000000000001,1201
2026-04-06T17:30:00+00:00,122.88000000000001,123.05,122.63000000000001,122.73,1003
2026-04-06T18:00:00+00:00,122.73,123.39,122.71000000000001,123.24000000000001,1211
2026-04-06T18:30:00+00:00,123.24000000000001,123.41000000000001,122.89,122.99000000000001,853
2026-04-06T19:00:00+00:00,122.99000000000001,123.26,122.96000000000001,123.03,861
2026-04-06T19:30:00+00:00,123.03,123.73,122.98,123.69,1425
2026-04-07T13:30:00+00:00,123.69,123.69,122.24000000000001,122.84,1724
2026-04-07T14:00:00+00:00,122.84,123.21000000000001,122.16000000000001,123.17,2127
2026-04-07T14:30:00+00:00,123.17,123.47,122.78,122.86,1576
2026-04-07T15:00:00+00:00,122.86,122.87,122.10000000000001,122.65,2184
2026-04-07T15:30:00+00:00,122.65,122.76,122.25,122.61,1731
2026-04-07T16:00:00+00:00,122.61,123.43,122.59,122.87,1855
2026-04-07T16:30:00+00:00,122.87,123.29,122.66000000000001,123.02000000000001,1491
2026-04-07T17:00:00+00:00,123.02000000000001,123.14,122.87,123.06,1416
2026-04-07T17:30:00+00:00,123.06,123.59,122.99000000000001,123.4,1833
2026-04-07T18:00:00+00:00,123.4,123.59,123.25,123.39,1228
2026-04-07T18:30:00+00:00,123.39,123.47,122.57000000000001,122.72,1373
2026-04-07T19:00:00+00:00,122.72,123.7,122.65,123.44,2122
2026-04-07T19:30:00+00:00,123.44,124.05,123.11,123.47,3114
2026-04-08T13:30:00+00:00,123.47,130.79000000000002,123.47,130.10000000000008,3534
2026-04-08T14:00:00+00:00,130.10000000000008,130.19000000000005,129.16000000000008,129.3800000000001,2421
2026-04-08T14:30:00+00:00,129.3800000000001,129.6100000000001,128.14000000000019,128.29000000000016,2247.3585219015986
2026-04-08T15:00:00+00:00,128.29000000000016,128.61000000000018,128.0700000000002,128.35000000000016,1906
2026-04-08T15:30:00+00:00,128.35000000000016,129.33000000000015,128.33000000000015,129.2800000000002,1679
2026-04-08T16:00:00+00:00,129.2800000000002,129.5300000000002,129.26000000000022,129.34000000000017,1304
2026-04-08T16:30:00+00:00,129.34000000000017,129.56000000000023,129.2500000000002,129.4100000000002,1212
2026-04-08T17:00:00+00:00,129.4100000000002,129.50000000000023,129.19000000000028,129.34000000000026,1629
2026-04-08T17:30:00+00:00,129.34000000000026,130.1600000000002,129.30000000000024,130.11000000000018,1658
2026-04-08T18:00:00+00:00,130.11000000000018,130.5900000000002,129.6600000000002,129.76000000000028,1967
2026-04-08T18:30:00+00:00,129.76000000000028,129.82000000000028,129.01000000000022,129.06000000000023,1657
2026-04-08T19:00:00+00:00,129.06000000000023,129.57000000000028,129.0200000000002,129.19000000000025,1548
2026-04-08T19:30:00+00:00,129.19000000000025,129.99000000000015,129.19000000000025,129.92000000000016,2615
2026-04-09T13:30:00+00:00,129.92000000000016,129.92000000000016,128.36000000000016,129.82000000000008,1764
2026-04-09T14:00:00+00:00,129.82000000000008,129.8700000000001,128.87000000000006,129.36,1430
2026-04-09T14:30:00+00:00,129.36,129.51999999999998,129.12,129.41999999999996,1500
2026-04-09T15:00:00+00:00,129.41999999999996,129.97999999999996,129.1599999999999,129.97999999999996,1424
2026-04-09T15:30:00+00:00,129.97999999999996,130.52999999999992,129.81999999999994,130.5199999999999,1834
2026-04-09T16:00:00+00:00,130.5199999999999,130.99999999999994,130.5099999999999,130.77999999999997,1639
2026-04-09T16:30:00+00:00,130.77999999999997,130.81999999999996,130.3799999999999,130.5599999999999,1288
2026-04-09T17:00:00+00:00,130.5599999999999,131.0299999999998,130.45999999999987,130.97999999999982,1376
2026-04-09T17:30:00+00:00,130.97999999999982,131.24999999999983,130.7699999999998,131.1199999999998,1379
2026-04-09T18:00:00+00:00,131.1199999999998,131.1599999999998,130.7199999999998,131.0299999999998,1834
2026-04-09T18:30:00+00:00,131.0299999999998,131.17999999999984,130.94999999999982,131.00999999999982,1309
2026-04-09T19:00:00+00:00,131.00999999999982,131.4199999999998,130.99999999999983,131.34999999999977,1345
2026-04-09T19:30:00+00:00,131.34999999999977,131.8399999999998,131.16999999999973,131.27999999999975,1916
2026-04-10T13:30:00+00:00,131.27999999999975,131.27999999999975,129.86999999999972,130.80999999999966,1789.4333017975403
2026-04-10T14:00:00+00:00,130.80999999999966,131.22999999999956,130.25999999999965,131.18999999999957,1578
2026-04-10T14:30:00+00:00,131.18999999999957,131.3099999999996,130.85999999999956,131.17999999999958,1474.404193076548
2026-04-10T15:00:00+00:00,131.17999999999958,131.4999999999996,130.99999999999957,131.28999999999957,1270
2026-04-10T15:30:00+00:00,131.28999999999957,131.39999999999958,130.7399999999996,130.85999999999956,1277
2026-04-10T16:00:00+00:00,130.85999999999956,131.00999999999956,130.75999999999956,130.80999999999955,1301
2026-04-10T16:30:00+00:00,130.80999999999955,130.95999999999958,130.5599999999996,130.83999999999963,907
2026-04-10T17:00:00+00:00,130.83999999999963,131.07999999999961,130.7099999999996,131.01999999999964,818
2026-04-10T17:30:00+00:00,131.01999999999964,131.4299999999996,130.97999999999962,131.4299999999996,962
2026-04-10T18:00:00+00:00,131.4299999999996,131.8199999999996,131.3999999999996,131.6799999999996,1004
2026-04-10T18:30:00+00:00,131.6799999999996,131.7699999999996,131.4799999999996,131.67999999999955,713
2026-04-10T19:00:00+00:00,131.67999999999955,131.79999999999956,131.27999999999957,131.2899999999996,1063
2026-04-10T19:30:00+00:00,131.2899999999996,131.32999999999953,130.45999999999952,130.73999999999955,2057
2026-04-13T13:30:00+00:00,130.73999999999955,130.73999999999955,128.50999999999954,130.19999999999953,1700
2026-04-13T14:00:00+00:00,130.19999999999953,130.40999999999954,129.85999999999956,130.20999999999958,2067
2026-04-13T14:30:00+00:00,130.20999999999958,130.76999999999964,130.1999999999996,130.70999999999964,1862
2026-04-13T15:00:00+00:00,130.70999999999964,130.78999999999962,130.34999999999965,130.4699999999997,1831
2026-04-13T15:30:00+00:00,130.4699999999997,130.7599999999996,130.29999999999967,130.68999999999954,1449
2026-04-13T16:00:00+00:00,130.68999999999954,131.4799999999996,130.64999999999955,131.45999999999958,1687
2026-04-13T16:30:00+00:00,131.45999999999958,131.85999999999956,131.25999999999956,131.62999999999954,2157
2026-04-13T17:00:00+00:00,131.62999999999954,131.7399999999995,131.51999999999947,131.64999999999947,1196
2026-04-13T17:30:00+00:00,131.64999999999947,131.7399999999995,131.51999999999947,131.63999999999947,1067
2026-04-13T18:00:00+00:00,131.63999999999947,131.8499999999995,131.62999999999948,131.71999999999943,975
2026-04-13T18:30:00+00:00,131.71999999999943,131.84999999999945,131.64999999999944,131.7699999999994,1127
2026-04-13T19:00:00+00:00,131.7699999999994,132.23999999999947,131.7499999999994,132.18999999999946,984
2026-04-13T19:30:00+00:00,132.18999999999946,132.6799999999995,132.01999999999947,132.59999999999948,2389
2026-04-14T13:30:00+00:00,132.59999999999948,136.65999999999948,132.59999999999948,134.31999999999948,2265
2026-04-14T14:00:00+00:00,134.31999999999948,134.60999999999947,133.25999999999942,133.26999999999944,1696
2026-04-14T14:30:00+00:00,133.26999999999944,135.2199999999994,133.20999999999944,134.7899999999994,1533
2026-04-14T15:00:00+00:00,134.7899999999994,134.95999999999938,134.0299999999994,134.70999999999935,1184
2026-04-14T15:30:00+00:00,134.70999999999935,136.97999999999936,134.68999999999937,136.21999999999937,1783
2026-04-14T16:00:00+00:00,136.21999999999937,136.37999999999937,135.88999999999936,136.14999999999935,1248
2026-04-14T16:30:00+00:00,136.14999999999935,136.59999999999937,136.03999999999937,136.32999999999936,1140
2026-04-14T17:00:00+00:00,136.32999999999936,136.79999999999936,136.29999999999936,136.79999999999936,941
2026-04-14T17:30:00+00:00,136.79999999999936,137.31999999999937,136.66999999999936,136.70999999999935,1182
2026-04-14T18:00:00+00:00,136.70999999999935,137.25999999999937,136.70999999999935,136.82999999999936,1072
2026-04-14T18:30:00+00:00,136.82999999999936,136.90999999999937,136.56999999999937,136.81999999999937,1046
2026-04-14T19:00:00+00:00,136.81999999999937,136.93999999999937,135.59999999999937,136.02999999999938,1340
2026-04-14T19:30:00+00:00,136.02999999999938,136.13999999999936,135.26999999999936,136.07999999999936,2359
2026-04-15T13:30:00+00:00,136.07999999999936,139.00999999999937,136.07999999999936,138.01999999999936,2307
2026-04-15T14:00:00+00:00,138.01999999999936,138.26999999999936,136.95999999999935,138.24999999999937,1845
2026-04-15T14:30:00+00:00,138.24999999999937,138.86999999999935,137.49999999999937,137.89999999999938,2077.1676646706587
2026-04-15T15:00:00+00:00,137.89999999999938,138.5499999999994,137.81999999999937,138.12999999999937,1997
2026-04-15T15:30:00+00:00,138.12999999999937,138.39999999999938,137.99999999999937,138.15999999999937,1775
2026-04-15T16:00:00+00:00,138.15999999999937,138.3299999999994,137.93999999999937,138.17999999999938,1375
2026-04-15T16:30:00+00:00,138.17999999999938,138.34999999999937,137.58999999999938,137.70999999999938,1545
2026-04-15T17:00:00+00:00,137.70999999999938,137.96999999999937,137.5499999999994,137.66999999999936,1013
2026-04-15T17:30:00+00:00,137.66999999999936,138.12999999999937,137.65999999999937,137.92999999999938,1084
2026-04-15T18:00:00+00:00,137.92999999999938,138.19999999999936,137.86999999999938,138.06999999999937,1175
2026-04-15T18:30:00+00:00,138.06999999999937,138.23999999999938,137.68999999999937,138.21999999999937,1127
2026-04-15T19:00:00+00:00,138.21999999999937,138.43999999999937,138.03999999999937,138.38999999999936,1260
2026-04-15T19:30:00+00:00,138.38999999999936,138.58999999999938,137.92999999999938,138.0799999999994,2105
2026-04-16T13:30:00+00:00,138.0799999999994,139.11999999999938,136.94999999999936,137.80999999999938,2100
2026-04-16T14:00:00+00:00,137.80999999999938,138.00999999999937,136.89999999999938,137.20999999999938,1904
2026-04-16T14:30:00+00:00,137.20999999999938,137.36999999999938,136.47999999999936,136.59999999999937,2102
2026-04-16T15:00:00+00:00,136.59999999999937,136.81999999999937,135.87999999999937,135.89999999999938,1811
2026-04-16T15:30:00+00:00,135.89999999999938,136.71999999999937,135.66999999999936,136.59999999999937,1874
2026-04-16T16:00:00+00:00,136.59999999999937,136.77999999999938,136.27999999999938,136.34999999999937,1269
2026-04-16T16:30:00+00:00,136.34999999999937,136.38999999999936,135.8299999999994,136.00999999999937,1521
2026-04-16T17:00:00+00:00,136.00999999999937,136.03999999999937,135.61999999999938,135.90999999999937,1559
2026-04-16T17:30:00+00:00,135.90999999999937,136.19999999999936,135.62999999999937,135.78999999999937,1254
2026-04-16T18:00:00+00:00,135.78999999999937,136.17999999999938,135.67999999999938,135.90999999999937,1362
2026-04-16T18:30:00+00:00,135.90999999999937,136.23999999999938,135.86999999999938,136.01999999999938,1160
2026-04-16T19:00:00+00:00,136.01999999999938,136.21999999999937,135.88999999999936,136.03999999999937,939
2026-04-16T19:30:00+00:00,136.03999999999937,136.26999999999938,135.58999999999938,135.78999999999937,2010
2026-04-17T13:30:00+00:00,135.78999999999937,138.42999999999938,135.78999999999937,138.11999999999938,2750
2026-04-17T14:00:00+00:00,138.11999999999938,138.58999999999938,137.94999999999936,138.49999999999937,1852
2026-04-17T14:30:00+00:00,138.49999999999937,139.17999999999938,138.4499999999994,138.49999999999937,1969.9731903485253
2026-04-17T15:00:00+00:00,138.49999999999937,138.76999999999938,138.2299999999994,138.6999999999994,1825
2026-04-17T15:30:00+00:00,138.6999999999994,139.51999999999938,138.68999999999937,139.37999999999937,1701
2026-04-17T16:00:00+00:00,139.37999999999937,139.5999999999994,139.26999999999938,139.37999999999937,1525
2026-04-17T16:30:00+00:00,139.37999999999937,139.93999999999937,139.2999999999994,139.7999999999994,1113
2026-04-17T17:00:00+00:00,139.7999999999994,139.9199999999994,138.65999999999937,139.01999999999938,2326
2026-04-17T17:30:00+00:00,139.01999999999938,139.0499999999994,138.65999999999937,138.93999999999937,1481
2026-04-17T18:00:00+00:00,138.93999999999937,139.0399999999994,138.6999999999994,138.89999999999938,1902
2026-04-17T18:30:00+00:00,138.89999999999938,138.9799999999994,138.5799999999994,138.65999999999937,1155
2026-04-17T19:00:00+00:00,138.65999999999937,138.7299999999994,138.2299999999994,138.24999999999937,1042
2026-04-17T19:30:00+00:00,138.24999999999937,138.6099999999994,138.1699999999994,138.58999999999938,1965
2026-04-20T13:30:00+00:00,138.58999999999938,139.77999999999938,137.27999999999938,139.2299999999994,2456
2026-04-20T14:00:00+00:00,139.2299999999994,139.4199999999994,138.68999999999937,138.7899999999994,2195
2026-04-20T14:30:00+00:00,138.7899999999994,138.8199999999994,138.0399999999994,138.42999999999938,2829
2026-04-20T15:00:00+00:00,138.42999999999938,139.08999999999938,138.42999999999938,139.01999999999938,2687
2026-04-20T15:30:00+00:00,139.01999999999938,139.3299999999994,138.77999999999938,139.18999999999937,2314
2026-04-20T16:00:00+00:00,139.18999999999937,139.18999999999937,138.49999999999937,138.74999999999937,1640
2026-04-20T16:30:00+00:00,138.74999999999937,139.01999999999938,138.64999999999938,138.98999999999938,1273
2026-04-20T17:00:00+00:00,138.98999999999938,139.3199999999994,138.9499999999994,139.08999999999938,1181
2026-04-20T17:30:00+00:00,139.08999999999938,139.1099999999994,138.74999999999937,138.8899999999994,1319
2026-04-20T18:00:00+00:00,138.8899999999994,139.21999999999937,138.7899999999994,139.0799999999994,1430
2026-04-20T18:30:00+00:00,139.0799999999994,139.2299999999994,138.92999999999938,139.20999999999938,1286
2026-04-20T19:00:00+00:00,139.20999999999938,139.36999999999938,139.11999999999938,139.30999999999938,2442
2026-04-20T19:30:00+00:00,139.30999999999938,139.55999999999938,139.2599999999994,139.40999999999937,3945
2026-04-21T13:30:00+00:00,139.40999999999937,141.64999999999938,139.40999999999937,140.8499999999994,2328
2026-04-21T14:00:00+00:00,140.8499999999994,141.4799999999994,140.74999999999937,141.1099999999994,2033
2026-04-21T14:30:00+00:00,141.1099999999994,141.17999999999938,139.5499999999994,139.62999999999937,2216
2026-04-21T15:00:00+00:00,139.62999999999937,139.80999999999938,138.9199999999994,139.0799999999994,2614
2026-04-21T15:30:00+00:00,139.0799999999994,139.45999999999938,138.86999999999938,138.95999999999938,1753
2026-04-21T16:00:00+00:00,138.95999999999938,139.42999999999938,138.95999999999938,139.2299999999994,1393
2026-04-21T16:30:00+00:00,139.2299999999994,139.49999999999937,139.0099999999994,139.02999999999938,1647
2026-04-21T17:00:00+00:00,139.02999999999938,139.12999999999937,138.23999999999938,138.5099999999994,2749
2026-04-21T17:30:00+00:00,138.5099999999994,139.3199999999994,138.39999999999938,139.18999999999937,2679
2026-04-21T18:00:00+00:00,139.18999999999937,139.2599999999994,138.49999999999937,138.62999999999937,2004
2026-04-21T18:30:00+00:00,138.62999999999937,139.18999999999937,138.5499999999994,138.95999999999938,2159
2026-04-21T19:00:00+00:00,138.95999999999938,139.30999999999938,138.7599999999994,139.1999999999994,4033
2026-04-21T19:30:00+00:00,139.1999999999994,139.2299999999994,137.61999999999938,138.0499999999994,7202
2026-04-22T13:30:00+00:00,138.0499999999994,138.65999999999937,137.37999999999937,138.2899999999994,1422
2026-04-22T14:00:00+00:00,138.2899999999994,138.42999999999938,137.5999999999994,137.5999999999994,2114
2026-04-22T14:30:00+00:00,137.5999999999994,137.5999999999994,136.86999999999938,137.14999999999938,2743.3140697932877
2026-04-22T15:00:00+00:00,137.14999999999938,137.37999999999937,136.94999999999936,137.21999999999937,1980
2026-04-22T15:30:00+00:00,137.21999999999937,137.23999999999938,136.70999999999938,136.92999999999938,1955
2026-04-22T16:00:00+00:00,136.92999999999938,137.03999999999937,136.62999999999937,136.62999999999937,1442
2026-04-22T16:30:00+00:00,136.62999999999937,136.83999999999938,136.30999999999938,136.36999999999938,1520
2026-04-22T17:00:00+00:00,136.36999999999938,136.92999999999938,136.33999999999938,136.72999999999936,1483
2026-04-22T17:30:00+00:00,136.72999999999936,136.83999999999938,136.3599999999994,136.39999999999938,1206
2026-04-22T18:00:00+00:00,136.39999999999938,136.47999999999936,135.94999999999936,136.13999999999936,1380
2026-04-22T18:30:00+00:00,136.13999999999936,136.28999999999937,135.90999999999937,136.02999999999938,1279
2026-04-22T19:00:00+00:00,136.02999999999938,136.23999999999938,135.83999999999938,136.22999999999936,2649
2026-04-22T19:30:00+00:00,136.22999999999936,136.23999999999938,135.76999999999938,136.08999999999938,3861
2026-04-23T13:30:00+00:00,136.08999999999938,136.08999999999938,135.08999999999938,135.50999999999937,1129
2026-04-23T14:00:00+00:00,135.50999999999937,136.31999999999937,135.16999999999936,136.01999999999938,2107
2026-04-23T14:30:00+00:00,136.01999999999938,136.34999999999937,135.92999999999938,136.09999999999937,1765
2026-04-23T15:00:00+00:00,136.09999999999937,136.21999999999937,135.87999999999937,136.05999999999938,1750
2026-04-23T15:30:00+00:00,136.05999999999938,136.09999999999937,135.67999999999938,135.8299999999994,1670
2026-04-23T16:00:00+00:00,135.8299999999994,135.8599999999994,135.5799999999994,135.61999999999938,1346
2026-04-23T16:30:00+00:00,135.61999999999938,135.77999999999938,135.44999999999936,135.52999999999938,1274
2026-04-23T17:00:00+00:00,135.52999999999938,135.56999999999937,133.87999999999937,133.98999999999938,3986
2026-04-23T17:30:00+00:00,133.98999999999938,134.48999999999944,133.17999999999944,134.25999999999942,4559
2026-04-23T18:00:00+00:00,134.25999999999942,134.56999999999934,134.1399999999994,134.48999999999933,2385
2026-04-23T18:30:00+00:00,134.48999999999933,134.5699999999993,133.9299999999992,134.0699999999992,2430
2026-04-23T19:00:00+00:00,134.0699999999992,134.40999999999912,133.8899999999992,134.3499999999991,3891
2026-04-23T19:30:00+00:00,134.3499999999991,134.9299999999991,133.88999999999913,134.81999999999908,5636
2026-04-24T13:30:00+00:00,134.81999999999908,135.32999999999913,133.59999999999908,134.56999999999908,1048
2026-04-24T14:00:00+00:00,134.56999999999908,134.70999999999913,133.92999999999927,134.04999999999927,2222
2026-04-24T14:30:00+00:00,134.04999999999927,134.5099999999993,133.86999999999927,134.32999999999927,2001.3972911963883
2026-04-24T15:00:00+00:00,134.32999999999927,134.55999999999926,134.01999999999924,134.31999999999923,1530
2026-04-24T15:30:00+00:00,134.31999999999923,135.10999999999922,134.13999999999925,135.04999999999922,2492
2026-04-24T16:00:00+00:00,135.04999999999922,135.1299999999992,134.38999999999922,134.38999999999922,1522
2026-04-24T16:30:00+00:00,134.38999999999922,134.64999999999924,134.2699999999992,134.59999999999923,1203
2026-04-24T17:00:00+00:00,134.59999999999923,134.86999999999924,134.4299999999992,134.72999999999922,1292
2026-04-24T17:30:00+00:00,134.72999999999922,134.87999999999923,134.55999999999923,134.61999999999924,1430
2026-04-24T18:00:00+00:00,134.61999999999924,135.00999999999922,134.56999999999923,134.66999999999922,1293
2026-04-24T18:30:00+00:00,134.66999999999922,134.81999999999923,134.3899999999992,134.50999999999917,1182
2026-04-24T19:00:00+00:00,134.50999999999917,134.6099999999992,134.1799999999992,134.33999999999924,2628
2026-04-24T19:30:00+00:00,134.33999999999924,134.51999999999924,134.12999999999917,134.34999999999917,3627
2026-04-27T13:30:00+00:00,134.34999999999917,135.52999999999918,133.37999999999917,134.29999999999916,1951
2026-04-27T14:00:00+00:00,134.29999999999916,135.01999999999916,134.20999999999916,134.72999999999914,2743
2026-04-27T14:30:00+00:00,134.72999999999914,135.24999999999915,134.65999999999914,134.80999999999915,1868
2026-04-27T15:00:00+00:00,134.80999999999915,134.86999999999915,134.42999999999915,134.61999999999912,1611
2026-04-27T15:30:00+00:00,134.61999999999912,134.80999999999912,134.45999999999913,134.76999999999913,1005
2026-04-27T16:00:00+00:00,134.76999999999913,134.93999999999912,134.7599999999991,134.79999999999913,775
2026-04-27T16:30:00+00:00,134.79999999999913,134.8899999999991,134.65999999999912,134.7599999999991,594
2026-04-27T17:00:00+00:00,134.7599999999991,134.85999999999913,134.5399999999991,134.8199999999991,851
2026-04-27T17:30:00+00:00,134.8199999999991,135.08999999999912,134.80999999999912,134.83999999999912,771
2026-04-27T18:00:00+00:00,134.83999999999912,134.8899999999991,134.57999999999913,134.74999999999912,660
2026-04-27T18:30:00+00:00,134.74999999999912,135.18999999999912,134.74999999999912,135.15999999999912,631
2026-04-27T19:00:00+00:00,135.15999999999912,135.76999999999913,135.1399999999991,135.6699999999991,1909
2026-04-27T19:30:00+00:00,135.6699999999991,135.7899999999991,135.32999999999913,135.52999999999912,2396
2026-04-28T13:30:00+00:00,135.52999999999912,137.6699999999991,135.52999999999912,135.98999999999913,2059
2026-04-28T14:00:00+00:00,135.98999999999913,136.12999999999911,134.9199999999991,134.96999999999912,3055
2026-04-28T14:30:00+00:00,134.96999999999912,135.1699999999991,134.3899999999991,134.6399999999991,3412
2026-04-28T15:00:00+00:00,134.6399999999991,134.85999999999913,134.4799999999991,134.7899999999991,1888
2026-04-28T15:30:00+00:00,134.7899999999991,134.9799999999991,134.54999999999913,134.7599999999991,1785
2026-04-28T16:00:00+00:00,134.7599999999991,135.14999999999912,134.70999999999913,135.0099999999991,1587
2026-04-28T16:30:00+00:00,135.0099999999991,135.2299999999991,134.90999999999912,135.05999999999912,1704
2026-04-28T17:00:00+00:00,135.05999999999912,135.24999999999912,134.82999999999913,135.18999999999912,1523
2026-04-28T17:30:00+00:00,135.18999999999912,135.86999999999912,135.0699999999991,135.65999999999912,1579
2026-04-28T18:00:00+00:00,135.65999999999912,135.71999999999912,135.29999999999913,135.3199999999991,1122
2026-04-28T18:30:00+00:00,135.3199999999991,135.4199999999991,135.14999999999912,135.14999999999912,1034
2026-04-28T19:00:00+00:00,135.14999999999912,135.1699999999991,134.6699999999991,134.67999999999913,1920
2026-04-28T19:30:00+00:00,134.67999999999913,134.96999999999912,134.45999999999913,134.96999999999912,3260
2026-04-29T13:30:00+00:00,134.96999999999912,135.0399999999991,133.12999999999917,134.40999999999917,2597
2026-04-29T14:00:00+00:00,134.40999999999917,134.7999999999992,134.16999999999916,134.64999999999918,3148
2026-04-29T14:30:00+00:00,134.64999999999918,134.73999999999918,134.2499999999992,134.2499999999992,1811.5709721588316
2026-04-29T15:00:00+00:00,134.2499999999992,134.3799999999992,133.92999999999904,133.97999999999905,1444
2026-04-29T15:30:00+00:00,133.97999999999905,134.00999999999905,132.9899999999991,133.1699999999991,2212
2026-04-29T16:00:00+00:00,133.1699999999991,133.4299999999991,133.06999999999914,133.16999999999908,1535
2026-04-29T16:30:00+00:00,133.16999999999908,133.31999999999908,132.94999999999905,133.04999999999905,1644
2026-04-29T17:00:00+00:00,133.04999999999905,133.519999999999,132.96999999999903,133.489999999999,1267
2026-04-29T17:30:00+00:00,133.489999999999,133.68999999999897,133.37999999999894,133.64999999999895,1069
2026-04-29T18:00:00+00:00,133.64999999999895,133.68999999999897,133.00999999999897,133.24999999999895,1848
2026-04-29T18:30:00+00:00,133.24999999999895,133.49999999999898,132.969999999999,133.489999999999,2429
2026-04-29T19:00:00+00:00,133.489999999999,134.029999999999,133.469999999999,133.95999999999896,1527
2026-04-29T19:30:00+00:00,133.95999999999896,134.03999999999894,133.5699999999989,133.89999999999895,2693
2026-04-30T13:30:00+00:00,133.89999999999895,134.839999999999,132.76999999999896,134.50999999999902,1920
2026-04-30T14:00:00+00:00,134.50999999999902,134.88999999999902,133.869999999999,134.809999999999,4274
2026-04-30T14:30:00+00:00,134.809999999999,135.13999999999902,134.69999999999902,134.959999999999,2890
2026-04-30T15:00:00+00:00,134.959999999999,135.29999999999902,134.719999999999,135.16999999999902,2473
2026-04-30T15:30:00+00:00,135.16999999999902,135.16999999999902,134.709999999999,134.88999999999902,1822
2026-04-30T16:00:00+00:00,134.88999999999902,135.029999999999,134.649999999999,135.01999999999902,1114
2026-04-30T16:30:00+00:00,135.01999999999902,135.04999999999902,134.63999999999902,134.709999999999,1312
2026-04-30T17:00:00+00:00,134.709999999999,134.82999999999902,134.559999999999,134.649999999999,1022
2026-04-30T17:30:00+00:00,134.649999999999,134.88999999999902,134.529999999999,134.57999999999902,1488
2026-04-30T18:00:00+00:00,134.57999999999902,134.809999999999,134.56999999999903,134.72999999999902,1279
2026-04-30T18:30:00+00:00,134.72999999999902,134.88999999999902,134.56999999999903,134.59999999999903,1296
2026-04-30T19:00:00+00:00,134.59999999999903,134.719999999999,134.379999999999,134.56999999999897,1595
2026-04-30T19:30:00+00:00,134.56999999999897,134.57999999999896,134.17999999999893,134.289999999999,2389
2026-05-01T13:30:00+00:00,134.289999999999,136.66999999999902,133.80999999999898,136.559999999999,2253
2026-05-01T14:00:00+00:00,136.559999999999,136.84999999999903,135.589999999999,135.969999999999,3806
2026-05-01T14:30:00+00:00,135.969999999999,136.249999999999,135.369999999999,135.459999999999,3113.8678471172534
2026-05-01T15:00:00+00:00,135.459999999999,135.589999999999,134.929999999999,135.119999999999,2447
2026-05-01T15:30:00+00:00,135.119999999999,135.189999999999,134.339999999999,134.38999999999905,1977
2026-05-01T16:00:00+00:00,134.38999999999905,134.63999999999905,133.279999999999,133.29999999999902,2205
2026-05-01T16:30:00+00:00,133.29999999999902,133.73999999999904,133.179999999999,133.50999999999914,1994
2026-05-01T17:00:00+00:00,133.50999999999914,134.01999999999924,133.49999999999915,133.94999999999922,1373
2026-05-01T17:30:00+00:00,133.94999999999922,134.30999999999932,133.9299999999992,134.0599999999993,1228
2026-05-01T18:00:00+00:00,134.0599999999993,134.1599999999993,133.7099999999993,133.8799999999993,1193
2026-05-01T18:30:00+00:00,133.8799999999993,133.92999999999932,133.58999999999932,133.7599999999993,1232
2026-05-01T19:00:00+00:00,133.7599999999993,134.20999999999933,133.6999999999993,134.03999999999934,1179
2026-05-01T19:30:00+00:00,134.03999999999934,134.10999999999936,133.67999999999938,133.80999999999938,1735
2026-05-04T13:30:00+00:00,133.80999999999938,133.80999999999938,131.62999999999937,132.36999999999938,1814
2026-05-04T14:00:00+00:00,132.36999999999938,132.53999999999945,131.74999999999943,132.30999999999943,2592
2026-05-04T14:30:00+00:00,132.30999999999943,132.61999999999944,131.88999999999942,131.91999999999942,1799
2026-05-04T15:00:00+00:00,131.91999999999942,132.0499999999994,131.04999999999933,131.35999999999933,2452
2026-05-04T15:30:00+00:00,131.35999999999933,131.5699999999993,130.95999999999933,131.42999999999932,2698
2026-05-04T16:00:00+00:00,131.42999999999932,131.96999999999932,131.0199999999993,131.6399999999993,2747
2026-05-04T16:30:00+00:00,131.6399999999993,131.7899999999993,131.19999999999933,131.42999999999935,1771
2026-05-04T17:00:00+00:00,131.42999999999935,132.0299999999994,131.35999999999936,131.8899999999994,2127
2026-05-04T17:30:00+00:00,131.8899999999994,132.44999999999942,131.8599999999994,132.26999999999936,1632
2026-05-04T18:00:00+00:00,132.26999999999936,132.53999999999934,131.9299999999992,132.03999999999922,1560
2026-05-04T18:30:00+00:00,132.03999999999922,132.08999999999924,131.3699999999991,131.65999999999912,1286
2026-05-04T19:00:00+00:00,131.65999999999912,132.09999999999908,131.4399999999991,131.52999999999912,1633
2026-05-04T19:30:00+00:00,131.52999999999912,132.0799999999992,131.3099999999991,132.02999999999918,1831
2026-05-05T13:30:00+00:00,132.02999999999918,134.41999999999916,132.0199999999992,133.75999999999914,1351
2026-05-05T14:00:00+00:00,133.75999999999914,134.00999999999914,133.12999999999914,133.82999999999916,2653
2026-05-05T14:30:00+00:00,133.82999999999916,134.3799999999992,133.55999999999918,134.3699999999992,1832
2026-05-05T15:00:00+00:00,134.3699999999992,134.9299999999992,134.2699999999992,134.55999999999918,1583
2026-05-05T15:30:00+00:00,134.55999999999918,134.61999999999918,134.11999999999927,134.25999999999925,1285
2026-05-05T16:00:00+00:00,134.25999999999925,134.45999999999924,134.14999999999924,134.39999999999927,880
2026-05-05T16:30:00+00:00,134.39999999999927,134.44999999999925,134.22999999999928,134.32999999999927,731
2026-05-05T17:00:00+00:00,134.32999999999927,134.37999999999926,134.02999999999923,134.31999999999925,741
2026-05-05T17:30:00+00:00,134.31999999999925,134.54999999999924,134.10999999999927,134.2199999999993,895
2026-05-05T18:00:00+00:00,134.2199999999993,134.36999999999927,134.06999999999928,134.22999999999928,715
2026-05-05T18:30:00+00:00,134.22999999999928,134.3799999999993,134.15999999999926,134.3199999999993,740
2026-05-05T19:00:00+00:00,134.3199999999993,134.59999999999928,134.29999999999933,134.35999999999927,1079
2026-05-05T19:30:00+00:00,134.35999999999927,134.78999999999928,134.27999999999926,134.46999999999926,2003
2026-05-06T13:30:00+00:00,134.46999999999926,137.84999999999928,134.46999999999926,136.11999999999927,2389
2026-05-06T14:00:00+00:00,136.11999999999927,136.26999999999927,134.86999999999927,134.98999999999927,2588
2026-05-06T14:30:00+00:00,134.98999999999927,136.13999999999925,134.97999999999928,136.09999999999926,2822.8950177935944
2026-05-06T15:00:00+00:00,136.09999999999926,136.19999999999925,135.69999999999925,135.72999999999925,2013
2026-05-06T15:30:00+00:00,135.72999999999925,136.02999999999923,135.34999999999926,135.82999999999925,1769
2026-05-06T16:00:00+00:00,135.82999999999925,135.89999999999924,135.59999999999926,135.68999999999923,1175
2026-05-06T16:30:00+00:00,135.68999999999923,136.02999999999923,135.37999999999926,135.50999999999925,1257
2026-05-06T17:00:00+00:00,135.50999999999925,135.53999999999925,134.86999999999924,135.09999999999926,1303
2026-05-06T17:30:00+00:00,135.09999999999926,135.16999999999925,134.39999999999924,134.45999999999924,1122
2026-05-06T18:00:00+00:00,134.45999999999924,134.68999999999926,134.30999999999926,134.47999999999928,1311
2026-05-06T18:30:00+00:00,134.47999999999928,134.91999999999928,134.4699999999993,134.61999999999927,1262
2026-05-06T19:00:00+00:00,134.61999999999927,134.73999999999927,134.21999999999923,134.30999999999926,1707
2026-05-06T19:30:00+00:00,134.30999999999926,134.5299999999992,133.85999999999922,133.9699999999992,2333
2026-05-07T13:30:00+00:00,133.9699999999992,135.7799999999992,133.39999999999918,133.60999999999933,2582
2026-05-07T14:00:00+00:00,133.60999999999933,135.02999999999935,133.44999999999933,134.37999999999937,3732
2026-05-07T14:30:00+00:00,134.37999999999937,135.83999999999938,134.32999999999936,135.5099999999994,3084
2026-05-07T15:00:00+00:00,135.5099999999994,137.0999999999994,135.4799999999994,137.05999999999938,3138
2026-05-07T15:30:00+00:00,137.05999999999938,137.6299999999994,136.39999999999938,136.48999999999938,3109
2026-05-07T16:00:00+00:00,136.48999999999938,136.6299999999994,135.89999999999938,136.3299999999994,2811
2026-05-07T16:30:00+00:00,136.3299999999994,136.99999999999937,136.0799999999994,136.5099999999994,2670
2026-05-07T17:00:00+00:00,136.5099999999994,136.5099999999994,135.70999999999938,135.8199999999994,3160
2026-05-07T17:30:00+00:00,135.8199999999994,136.3199999999994,135.46999999999937,136.0699999999994,2663
2026-05-07T18:00:00+00:00,136.0699999999994,136.1299999999994,135.65999999999937,135.67999999999938,1744
2026-05-07T18:30:00+00:00,135.67999999999938,135.8799999999994,135.0799999999994,135.64999999999938,2361
2026-05-07T19:00:00+00:00,135.64999999999938,136.26999999999938,135.5999999999994,135.8899999999994,1956
2026-05-07T19:30:00+00:00,135.8899999999994,136.2299999999994,135.21999999999937,135.3899999999994,2898
2026-05-08T13:30:00+00:00,135.3899999999994,138.3299999999994,135.3899999999994,137.7999999999994,1662
2026-05-08T14:00:00+00:00,137.7999999999994,137.9499999999994,136.2999999999994,136.76999999999938,2181
2026-05-08T14:30:00+00:00,136.76999999999938,137.15999999999937,136.1999999999994,136.2599999999994,2373.3018029788345
2026-05-08T15:00:00+00:00,136.2599999999994,136.3399999999994,135.32999999999942,135.35999999999942,1823
2026-05-08T15:30:00+00:00,135.35999999999942,135.54999999999941,135.0099999999994,135.3099999999994,2124
2026-05-08T16:00:00+00:00,135.3099999999994,135.8499999999994,135.2199999999994,135.2399999999994,1419
2026-05-08T16:30:00+00:00,135.2399999999994,135.6899999999994,134.14999999999938,134.1599999999994,1812
2026-05-08T17:00:00+00:00,134.1599999999994,134.2499999999994,133.1999999999994,133.60999999999936,2092
2026-05-08T17:30:00+00:00,133.60999999999936,133.63999999999936,132.4199999999993,132.4599999999993,1912
2026-05-08T18:00:00+00:00,132.4599999999993,133.26999999999936,132.4599999999993,133.03999999999934,1651
2026-05-08T18:30:00+00:00,133.03999999999934,133.10999999999933,132.27999999999935,132.38999999999936,1639
2026-05-08T19:00:00+00:00,132.38999999999936,132.57999999999933,132.01999999999924,132.04999999999924,1747
2026-05-08T19:30:00+00:00,132.04999999999924,132.68999999999926,131.60999999999927,132.03999999999928,3227
2026-05-11T13:30:00+00:00,132.03999999999928,133.8899999999993,131.13999999999928,133.80999999999932,1676
2026-05-11T14:00:00+00:00,133.80999999999932,134.50999999999942,133.30999999999938,134.2199999999994,1854
2026-05-11T14:30:00+00:00,134.2199999999994,134.42999999999944,133.0399999999994,133.5099999999994,2592
2026-05-11T15:00:00+00:00,133.5099999999994,133.61999999999938,132.51999999999936,132.7299999999994,2040
2026-05-11T15:30:00+00:00,132.7299999999994,133.23999999999933,132.5199999999993,132.61999999999932,1946
2026-05-11T16:00:00+00:00,132.61999999999932,132.88999999999942,132.10999999999933,132.7799999999994,1086
2026-05-11T16:30:00+00:00,132.7799999999994,133.05999999999943,132.65999999999946,132.67999999999944,1375
2026-05-11T17:00:00+00:00,132.67999999999944,133.18999999999932,132.67999999999944,133.17999999999932,910
2026-05-11T17:30:00+00:00,133.17999999999932,133.36999999999932,132.84999999999928,133.13999999999928,913
2026-05-11T18:00:00+00:00,133.13999999999928,133.34999999999928,133.0299999999993,133.11999999999932,962
2026-05-11T18:30:00+00:00,133.11999999999932,133.3299999999993,132.68999999999926,132.84999999999923,1431
2026-05-11T19:00:00+00:00,132.84999999999923,132.96999999999923,132.53999999999922,132.8299999999992,1438
2026-05-11T19:30:00+00:00,132.8299999999992,132.8299999999992,132.05999999999923,132.28999999999922,1756
2026-05-12T13:30:00+00:00,132.28999999999922,132.28999999999922,129.63999999999922,130.53999999999928,1551
2026-05-12T14:00:00+00:00,130.53999999999928,131.28999999999928,130.0799999999993,130.42999999999932,1645
2026-05-12T14:30:00+00:00,130.42999999999932,131.2199999999993,129.82999999999936,131.1799999999993,1510
2026-05-12T15:00:00+00:00,131.1799999999993,131.1999999999993,129.7499999999992,130.8299999999992,1468
2026-05-12T15:30:00+00:00,130.8299999999992,131.86999999999927,130.60999999999922,131.7099999999993,1989
2026-05-12T16:00:00+00:00,131.7099999999993,131.8299999999993,131.28999999999934,131.43999999999932,1706
2026-05-12T16:30:00+00:00,131.43999999999932,132.05999999999926,131.4099999999993,132.02999999999926,1690
2026-05-12T17:00:00+00:00,132.02999999999926,132.4899999999992,131.94999999999925,132.3499999999992,2005
2026-05-12T17:30:00+00:00,132.3499999999992,132.5499999999992,132.2599999999992,132.53999999999917,1437
2026-05-12T18:00:00+00:00,132.53999999999917,132.96999999999912,132.3199999999992,132.72999999999914,1893
2026-05-12T18:30:00+00:00,132.72999999999914,132.78999999999917,132.4799999999991,132.7099999999991,1369
2026-05-12T19:00:00+00:00,132.7099999999991,132.93999999999912,132.43999999999912,132.6799999999991,1297
2026-05-12T19:30:00+00:00,132.6799999999991,132.9599999999991,132.4199999999991,132.9599999999991,2282
2026-05-13T13:30:00+00:00,132.9599999999991,132.9599999999991,129.9099999999991,131.4299999999991,1373
2026-05-13T14:00:00+00:00,131.4299999999991,132.01999999999913,131.3399999999991,131.8899999999991,1412
2026-05-13T14:30:00+00:00,131.8899999999991,132.22999999999908,131.61999999999907,131.74999999999912,1219.183151916706
2026-05-13T15:00:00+00:00,131.74999999999912,131.92999999999915,131.43999999999915,131.90999999999917,1127
2026-05-13T15:30:00+00:00,131.90999999999917,132.04999999999916,131.31999999999908,131.6299999999991,1316
2026-05-13T16:00:00+00:00,131.6299999999991,131.79999999999916,131.26999999999913,131.66999999999913,1142
2026-05-13T16:30:00+00:00,131.66999999999913,131.71999999999915,131.45999999999916,131.66999999999916,1071
2026-05-13T17:00:00+00:00,131.66999999999916,132.08999999999918,131.5799999999992,131.8399999999992,1027
2026-05-13T17:30:00+00:00,131.8399999999992,132.01999999999927,131.65999999999923,131.65999999999923,1014
2026-05-13T18:00:00+00:00,131.65999999999923,131.71999999999923,131.0399999999992,131.0799999999992,1093
2026-05-13T18:30:00+00:00,131.0799999999992,131.1299999999992,130.61999999999912,130.77999999999915,1210
2026-05-13T19:00:00+00:00,130.77999999999915,131.2699999999992,130.6899999999992,130.72999999999922,1094
2026-05-13T19:30:00+00:00,130.72999999999922,130.96999999999923,130.3999999999993,130.49999999999926,1854
2026-05-14T13:30:00+00:00,130.49999999999926,132.43999999999932,130.49999999999926,131.6399999999992,1138
2026-05-14T14:00:00+00:00,131.6399999999992,131.6399999999992,130.62999999999914,130.96999999999912,1290
2026-05-14T14:30:00+00:00,130.96999999999912,131.60999999999905,130.71999999999912,131.44999999999908,1449
2026-05-14T15:00:00+00:00,131.44999999999908,131.6699999999991,131.33999999999912,131.43999999999906,1397
2026-05-14T15:30:00+00:00,131.43999999999906,131.52999999999906,131.10999999999908,131.38999999999905,1352
2026-05-14T16:00:00+00:00,131.38999999999905,131.64999999999907,131.1199999999991,131.13999999999908,1104
2026-05-14T16:30:00+00:00,131.13999999999908,131.2499999999991,129.88999999999908,130.0499999999991,1470
2026-05-14T17:00:00+00:00,130.0499999999991,130.84999999999906,130.00999999999908,130.62999999999906,1927
2026-05-14T17:30:00+00:00,130.62999999999906,131.13999999999905,130.61999999999904,130.97999999999905,1369
2026-05-14T18:00:00+00:00,130.97999999999905,131.6499999999992,130.89999999999907,131.51999999999924,1472
2026-05-14T18:30:00+00:00,131.51999999999924,131.79999999999922,131.48999999999924,131.7099999999992,937
2026-05-14T19:00:00+00:00,131.7099999999992,131.83999999999918,131.65999999999917,131.70999999999924,922
2026-05-14T19:30:00+00:00,131.70999999999924,131.8199999999992,131.04999999999922,131.2799999999992,1919
2026-05-15T13:30:00+00:00,131.2799999999992,131.2799999999992,129.51999999999924,129.9299999999992,1239
2026-05-15T14:00:00+00:00,129.9299999999992,130.60999999999925,129.84999999999926,130.11999999999927,1623
2026-05-15T14:30:00+00:00,130.11999999999927,130.32999999999925,129.62999999999926,129.9499999999993,1413.1720990873532
2026-05-15T15:00:00+00:00,129.9499999999993,130.2899999999993,129.74999999999937,129.84999999999934,1939
2026-05-15T15:30:00+00:00,129.84999999999934,130.14999999999932,129.6799999999993,129.7599999999993,2597
2026-05-15T16:00:00+00:00,129.7599999999993,129.8399999999993,129.10999999999927,129.8199999999993,1626
2026-05-15T16:30:00+00:00,129.8199999999993,130.21999999999943,129.74999999999932,130.21999999999943,1291
2026-05-15T17:00:00+00:00,130.21999999999943,130.34999999999945,129.8699999999995,130.10999999999947,1126
2026-05-15T17:30:00+00:00,130.10999999999947,130.1799999999995,129.71999999999946,129.9799999999994,1331
2026-05-15T18:00:00+00:00,129.9799999999994,130.22999999999936,129.7099999999994,129.88999999999942,1204
2026-05-15T18:30:00+00:00,129.88999999999942,130.08999999999952,129.6899999999995,130.05999999999952,1270
2026-05-15T19:00:00+00:00,130.05999999999952,130.25999999999945,129.92999999999955,130.02999999999946,1077
2026-05-15T19:30:00+00:00,130.02999999999946,130.19999999999948,129.56999999999954,129.78999999999954,2022
2026-05-18T13:30:00+00:00,129.78999999999954,130.81999999999954,128.91999999999953,130.52999999999952,1751
2026-05-18T14:00:00+00:00,130.52999999999952,130.6699999999995,129.9499999999995,130.41999999999945,1760
2026-05-18T14:30:00+00:00,130.41999999999945,130.48999999999944,129.63999999999942,129.80999999999938,2656
2026-05-18T15:00:00+00:00,129.80999999999938,129.99999999999937,129.0199999999994,129.32999999999942,3213
2026-05-18T15:30:00+00:00,129.32999999999942,129.8799999999995,129.2199999999994,129.54999999999956,2131
2026-05-18T16:00:00+00:00,129.54999999999956,129.7599999999996,129.20999999999958,129.23999999999958,2519
2026-05-18T16:30:00+00:00,129.23999999999958,129.45999999999955,128.86999999999952,129.08999999999946,1940
2026-05-18T17:00:00+00:00,129.08999999999946,129.50999999999942,128.99999999999943,129.36999999999944,1450
2026-05-18T17:30:00+00:00,129.36999999999944,129.39999999999944,128.93999999999946,129.06999999999948,1084
2026-05-18T18:00:00+00:00,129.06999999999948,129.08999999999946,128.1999999999996,128.4299999999996,1883
2026-05-18T18:30:00+00:00,128.4299999999996,128.7399999999996,128.3799999999996,128.6199999999996,1707
2026-05-18T19:00:00+00:00,128.6199999999996,129.45999999999958,128.53999999999962,128.73999999999955,2265
2026-05-18T19:30:00+00:00,128.73999999999955,129.1799999999996,128.41999999999956,128.71999999999957,2490
2026-05-19T13:30:00+00:00,128.71999999999957,128.71999999999957,126.40999999999957,126.87999999999957,2113
2026-05-19T14:00:00+00:00,126.87999999999957,127.64999999999958,126.40999999999957,127.31999999999958,2670
2026-05-19T14:30:00+00:00,127.31999999999958,127.66999999999958,126.99999999999957,127.07999999999957,2796
2026-05-19T15:00:00+00:00,127.07999999999957,127.09999999999957,126.46999999999957,126.67999999999958,2099
2026-05-19T15:30:00+00:00,126.67999999999958,127.10999999999957,126.62999999999957,126.78999999999958,1599
2026-05-19T16:00:00+00:00,126.78999999999958,127.15999999999957,126.50999999999958,127.03999999999958,1657
2026-05-19T16:30:00+00:00,127.03999999999958,127.47999999999958,127.00999999999958,127.26999999999957,1402
2026-05-19T17:00:00+00:00,127.26999999999957,127.60999999999957,127.11999999999958,127.54999999999957,1216
2026-05-19T17:30:00+00:00,127.54999999999957,127.63999999999957,127.25999999999958,127.27999999999957,1222
2026-05-19T18:00:00+00:00,127.27999999999957,127.56999999999958,127.14999999999958,127.25999999999958,1166
2026-05-19T18:30:00+00:00,127.25999999999958,127.40999999999957,126.70999999999958,126.75999999999958,1171
2026-05-19T19:00:00+00:00,126.75999999999958,127.01999999999957,126.56999999999958,126.64999999999958,1279
2026-05-19T19:30:00+00:00,126.64999999999958,126.67999999999958,126.14999999999958,126.43999999999957,2051
2026-05-20T13:30:00+00:00,126.43999999999957,128.15999999999957,126.25999999999958,127.97999999999959,2304
2026-05-20T14:00:00+00:00,127.97999999999959,129.9899999999996,127.84999999999958,129.59999999999962,3512
2026-05-20T14:30:00+00:00,129.59999999999962,130.68999999999957,129.58999999999963,130.50999999999954,3546.057612267251
2026-05-20T15:00:00+00:00,130.50999999999954,131.38999999999956,130.33999999999958,130.87999999999957,2957
2026-05-20T15:30:00+00:00,130.87999999999957,131.56999999999954,130.83999999999958,131.20999999999955,2310
2026-05-20T16:00:00+00:00,131.20999999999955,131.3499999999995,130.86999999999952,130.94999999999953,1600
2026-05-20T16:30:00+00:00,130.94999999999953,131.32999999999964,130.87999999999954,131.2399999999996,1461
2026-05-20T17:00:00+00:00,131.2399999999996,131.39999999999964,130.91999999999962,131.3399999999996,1690
2026-05-20T17:30:00+00:00,131.3399999999996,131.4999999999996,131.16999999999962,131.33999999999963,1352
2026-05-20T18:00:00+00:00,131.33999999999963,131.66999999999962,131.0799999999996,131.09999999999954,1333
2026-05-20T18:30:00+00:00,131.09999999999954,131.41999999999956,130.9199999999996,130.9499999999996,1113
2026-05-20T19:00:00+00:00,130.9499999999996,131.33999999999955,130.9499999999996,131.28999999999957,1201
2026-05-20T19:30:00+00:00,131.28999999999957,131.5499999999996,130.92999999999964,131.22999999999962,1680
2026-05-21T13:30:00+00:00,131.22999999999962,131.83999999999958,128.96999999999963,131.65999999999957,1265
2026-05-21T14:00:00+00:00,131.65999999999957,131.73999999999958,131.05999999999955,131.10999999999956,2576
2026-05-21T14:30:00+00:00,131.10999999999956,131.26999999999956,130.2599999999996,130.40999999999957,2488
2026-05-21T15:00:00+00:00,130.40999999999957,130.60999999999962,129.9999999999996,130.06999999999957,2456
2026-05-21T15:30:00+00:00,130.06999999999957,130.20999999999955,129.87999999999954,129.93999999999954,1495
2026-05-21T16:00:00+00:00,129.93999999999954,130.04999999999956,129.6899999999995,129.68999999999951,1061
2026-05-21T16:30:00+00:00,129.68999999999951,129.9199999999995,129.6799999999995,129.84999999999948,858
2026-05-21T17:00:00+00:00,129.84999999999948,130.9199999999995,129.7799999999995,130.9199999999995,2744
2026-05-21T17:30:00+00:00,130.9199999999995,131.7299999999995,130.8599999999995,131.44999999999953,1975
2026-05-21T18:00:00+00:00,131.44999999999953,131.7399999999995,131.2899999999995,131.6099999999995,1921
2026-05-21T18:30:00+00:00,131.6099999999995,131.65999999999948,130.7799999999994,130.9999999999994,1995
2026-05-21T19:00:00+00:00,130.9999999999994,131.29999999999953,130.98999999999938,131.16999999999953,1210
2026-05-21T19:30:00+00:00,131.16999999999953,131.63999999999953,131.16999999999953,131.57999999999956,1632
2026-05-22T13:30:00+00:00,131.57999999999956,132.74999999999955,131.40999999999957,131.59999999999957,1526
2026-05-22T14:00:00+00:00,131.59999999999957,132.0799999999996,131.40999999999957,131.5699999999996,1677
2026-05-22T14:30:00+00:00,131.5699999999996,131.94999999999953,131.26999999999958,131.76999999999953,1410.6099635479952
2026-05-22T15:00:00+00:00,131.76999999999953,131.85999999999956,131.44999999999953,131.75999999999948,1184
2026-05-22T15:30:00+00:00,131.75999999999948,131.81999999999948,131.52999999999952,131.63999999999945,943
2026-05-22T16:00:00+00:00,131.63999999999945,131.79999999999944,131.44999999999945,131.75999999999945,821
2026-05-22T16:30:00+00:00,131.75999999999945,132.16999999999948,131.74999999999946,131.85999999999947,867
2026-05-22T17:00:00+00:00,131.85999999999947,132.49999999999943,131.80999999999943,132.48999999999944,1043
2026-05-22T17:30:00+00:00,132.48999999999944,132.51999999999944,131.9699999999994,132.0099999999994,1113
2026-05-22T18:00:00+00:00,132.0099999999994,132.12999999999943,131.73999999999938,131.7599999999994,828
2026-05-22T18:30:00+00:00,131.7599999999994,131.9099999999994,131.64999999999938,131.79999999999944,684
2026-05-22T19:00:00+00:00,131.79999999999944,131.82999999999944,131.47999999999945,131.57999999999942,830
2026-05-22T19:30:00+00:00,131.57999999999942,131.72999999999945,131.26999999999944,131.49999999999943,1302
2026-05-26T13:30:00+00:00,131.49999999999943,133.74999999999943,131.49999999999943,133.18999999999943,3114
2026-05-26T14:00:00+00:00,133.18999999999943,133.4399999999995,132.74999999999943,132.77999999999946,4152
2026-05-26T14:30:00+00:00,132.77999999999946,133.0299999999995,132.26999999999936,132.58999999999935,3405
2026-05-26T15:00:00+00:00,132.58999999999935,132.7399999999994,132.19999999999942,132.19999999999942,3352
2026-05-26T15:30:00+00:00,132.19999999999942,132.43999999999943,132.13999999999942,132.3099999999994,3032
2026-05-26T16:00:00+00:00,132.3099999999994,132.72999999999936,132.2999999999994,132.57999999999936,2341
2026-05-26T16:30:00+00:00,132.57999999999936,132.57999999999936,132.11999999999924,132.11999999999924,1399
2026-05-26T17:00:00+00:00,132.11999999999924,132.32999999999925,132.0499999999993,132.08999999999926,1835
2026-05-26T17:30:00+00:00,132.08999999999926,132.1499999999993,131.77999999999935,131.77999999999935,1137
2026-05-26T18:00:00+00:00,131.77999999999935,132.09999999999928,131.6999999999993,131.95999999999924,1144
2026-05-26T18:30:00+00:00,131.95999999999924,132.08999999999918,131.76999999999924,131.83999999999918,1125
2026-05-26T19:00:00+00:00,131.83999999999918,131.89999999999924,131.6499999999992,131.83999999999924,1091
2026-05-26T19:30:00+00:00,131.83999999999924,133.27999999999926,131.83999999999924,133.25999999999925,2373
2026-05-27T13:30:00+00:00,133.25999999999925,133.98999999999927,131.19999999999928,131.4599999999993,2152
2026-05-27T14:00:00+00:00,131.4599999999993,132.24999999999926,130.90999999999934,132.13999999999925,2025
2026-05-27T14:30:00+00:00,132.13999999999925,132.60999999999927,131.92999999999927,132.16999999999933,3007.5639763779527
2026-05-27T15:00:00+00:00,132.16999999999933,132.58999999999935,131.2099999999993,131.2199999999993,3174
2026-05-27T15:30:00+00:00,131.2199999999993,131.74999999999937,130.95999999999933,131.70999999999935,2982
2026-05-27T16:00:00+00:00,131.70999999999935,131.76999999999936,131.27999999999935,131.32999999999936,1555
2026-05-27T16:30:00+00:00,131.32999999999936,131.55999999999935,130.93999999999937,130.9599999999994,1448
2026-05-27T17:00:00+00:00,130.9599999999994,131.37999999999943,130.85999999999945,131.33999999999943,1197
2026-05-27T17:30:00+00:00,131.33999999999943,131.7499999999994,131.27999999999943,131.7199999999994,1057
2026-05-27T18:00:00+00:00,131.7199999999994,131.7699999999994,131.20999999999935,131.2299999999994,996
2026-05-27T18:30:00+00:00,131.2299999999994,131.64999999999938,131.21999999999937,131.56999999999937,938
2026-05-27T19:00:00+00:00,131.56999999999937,131.74999999999935,131.41999999999933,131.49999999999932,911
2026-05-27T19:30:00+00:00,131.49999999999932,131.83999999999935,131.30999999999932,131.81999999999934,1599
2026-05-28T13:30:00+00:00,131.81999999999934,131.81999999999934,130.50999999999934,130.99999999999937,2642
2026-05-28T14:00:00+00:00,130.99999999999937,131.4199999999994,129.98999999999938,130.42999999999938,3997
2026-05-28T14:30:00+00:00,130.42999999999938,130.80999999999938,129.63999999999936,130.60999999999945,3178
2026-05-28T15:00:00+00:00,130.60999999999945,131.16999999999945,130.58999999999946,130.8299999999994,2168
2026-05-28T15:30:00+00:00,130.8299999999994,130.8399999999994,130.43999999999937,130.43999999999937,1649
2026-05-28T16:00:00+00:00,130.43999999999937,130.53999999999942,130.0999999999994,130.24999999999943,1412
2026-05-28T16:30:00+00:00,130.24999999999943,130.62999999999943,130.1199999999994,130.50999999999948,1278
2026-05-28T17:00:00+00:00,130.50999999999948,130.6899999999995,130.1099999999995,130.1899999999995,1205
2026-05-28T17:30:00+00:00,130.1899999999995,130.52999999999957,130.1499999999995,130.51999999999958,981
2026-05-28T18:00:00+00:00,130.51999999999958,130.6799999999996,130.3499999999996,130.51999999999964,968
2026-05-28T18:30:00+00:00,130.51999999999964,130.75999999999962,130.40999999999963,130.70999999999964,928
2026-05-28T19:00:00+00:00,130.70999999999964,131.33999999999958,130.70999999999964,131.28999999999957,890
2026-05-28T19:30:00+00:00,131.28999999999957,131.34999999999957,130.93999999999954,131.02999999999952,1446
2026-05-29T13:30:00+00:00,131.02999999999952,131.37999999999957,129.93999999999954,131.0099999999996,1495
2026-05-29T14:00:00+00:00,131.0099999999996,131.22999999999962,130.82999999999956,131.1099999999996,1551
2026-05-29T14:30:00+00:00,131.1099999999996,132.3099999999995,131.05999999999958,132.0199999999995,1963.2448537378114
2026-05-29T15:00:00+00:00,132.0199999999995,133.22999999999956,132.0199999999995,133.08999999999955,1809
2026-05-29T15:30:00+00:00,133.08999999999955,133.29999999999956,132.67999999999952,132.76999999999947,1482
2026-05-29T16:00:00+00:00,132.76999999999947,133.13999999999953,132.70999999999947,132.99999999999955,960
2026-05-29T16:30:00+00:00,132.99999999999955,133.21999999999954,132.87999999999954,132.90999999999954,827
2026-05-29T17:00:00+00:00,132.90999999999954,133.03999999999957,132.61999999999955,132.8099999999995,700
2026-05-29T17:30:00+00:00,132.8099999999995,132.83999999999952,132.53999999999945,132.65999999999946,650
2026-05-29T18:00:00+00:00,132.65999999999946,133.01999999999947,132.59999999999945,132.87999999999948,649
2026-05-29T18:30:00+00:00,132.87999999999948,133.08999999999952,132.44999999999948,132.70999999999952,1024
2026-05-29T19:00:00+00:00,132.70999999999952,132.89999999999952,132.43999999999954,132.8699999999995,886
2026-05-29T19:30:00+00:00,132.8699999999995,133.1199999999995,132.10999999999953,132.33999999999952,2263
2026-06-01T13:30:00+00:00,132.33999999999952,133.01999999999956,129.94999999999953,132.92999999999955,2606
2026-06-01T14:00:00+00:00,132.92999999999955,133.40999999999954,132.83999999999955,133.18999999999957,3172
2026-06-01T14:30:00+00:00,133.18999999999957,133.24999999999957,132.33999999999958,132.96999999999957,2732
2026-06-01T15:00:00+00:00,132.96999999999957,133.97999999999956,132.86999999999958,133.80999999999958,2078
2026-06-01T15:30:00+00:00,133.80999999999958,134.19999999999956,133.77999999999952,133.80999999999952,2328
2026-06-01T16:00:00+00:00,133.80999999999952,134.00999999999942,133.60999999999945,133.73999999999944,1842
2026-06-01T16:30:00+00:00,133.73999999999944,134.13999999999942,133.70999999999944,133.93999999999943,1610
2026-06-01T17:00:00+00:00,133.93999999999943,134.14999999999935,133.7099999999994,134.12999999999934,1397
2026-06-01T17:30:00+00:00,134.12999999999934,134.64999999999938,134.02999999999935,134.59999999999937,2129
2026-06-01T18:00:00+00:00,134.59999999999937,135.01999999999938,134.55999999999938,134.8299999999994,919
2026-06-01T18:30:00+00:00,134.8299999999994,134.98999999999938,134.58999999999938,134.7999999999994,990
2026-06-01T19:00:00+00:00,134.7999999999994,134.96999999999937,134.6099999999994,134.87999999999937,1401
2026-06-01T19:30:00+00:00,134.87999999999937,135.51999999999938,134.8599999999994,135.37999999999937,1892
2026-06-02T13:30:00+00:00,135.37999999999937,138.50999999999937,134.77999999999938,137.40999999999937,2303
2026-06-02T14:00:00+00:00,137.40999999999937,137.46999999999937,135.52999999999938,136.03999999999937,3332
2026-06-02T14:30:00+00:00,136.03999999999937,138.3599999999994,136.01999999999938,138.28999999999937,3430
2026-06-02T15:00:00+00:00,138.28999999999937,138.89999999999938,138.21999999999937,138.37999999999937,2975
2026-06-02T15:30:00+00:00,138.37999999999937,138.59999999999937,137.8299999999994,137.92999999999938,2224
2026-06-02T16:00:00+00:00,137.92999999999938,137.95999999999938,137.26999999999938,137.2999999999994,1918
2026-06-02T16:30:00+00:00,137.2999999999994,137.6399999999994,137.23999999999938,137.46999999999937,1600
2026-06-02T17:00:00+00:00,137.46999999999937,137.74999999999937,137.25999999999937,137.28999999999937,1310
2026-06-02T17:30:00+00:00,137.28999999999937,137.65999999999937,137.28999999999937,137.43999999999937,853
2026-06-02T18:00:00+00:00,137.43999999999937,137.92999999999938,137.40999999999937,137.8599999999994,939
2026-06-02T18:30:00+00:00,137.8599999999994,138.05999999999938,137.61999999999938,137.72999999999936,1132
2026-06-02T19:00:00+00:00,137.72999999999936,137.95999999999938,137.37999999999937,137.80999999999938,1321
2026-06-02T19:30:00+00:00,137.80999999999938,138.14999999999938,137.6099999999994,137.80999999999938,1746
2026-06-03T13:30:00+00:00,137.80999999999938,137.94999999999936,136.05999999999938,136.48999999999938,2433
2026-06-03T14:00:00+00:00,136.48999999999938,136.75999999999937,134.68999999999937,135.36999999999938,3619
2026-06-03T14:30:00+00:00,135.36999999999938,135.7999999999994,135.02999999999938,135.44999999999936,3018.3042291950887
2026-06-03T15:00:00+00:00,135.44999999999936,135.74999999999937,135.19999999999936,135.52999999999938,2721
2026-06-03T15:30:00+00:00,135.52999999999938,135.86999999999938,135.27999999999938,135.76999999999936,2871
2026-06-03T16:00:00+00:00,135.76999999999936,136.44999999999936,135.73999999999936,136.41999999999936,2199
2026-06-03T16:30:00+00:00,136.41999999999936,136.51999999999936,136.12999999999937,136.27999999999938,1550
2026-06-03T17:00:00+00:00,136.27999999999938,136.58999999999938,136.27999999999938,136.41999999999936,1431
2026-06-03T17:30:00+00:00,136.41999999999936,136.85999999999936,136.33999999999938,136.79999999999936,1145
2026-06-03T18:00:00+00:00,136.79999999999936,137.03999999999937,136.61999999999938,136.99999999999937,1147
2026-06-03T18:30:00+00:00,136.99999999999937,137.08999999999938,136.58999999999938,136.66999999999936,1221
2026-06-03T19:00:00+00:00,136.66999999999936,136.70999999999935,136.35999999999936,136.50999999999937,1129
2026-06-03T19:30:00+00:00,136.50999999999937,136.73999999999936,135.87999999999937,136.43999999999937,2513
2026-06-04T13:30:00+00:00,136.43999999999937,139.42999999999935,136.39999999999938,139.25999999999937,2333
2026-06-04T14:00:00+00:00,139.25999999999937,139.82999999999936,138.57999999999936,139.25999999999937,3213
2026-06-04T14:30:00+00:00,139.25999999999937,139.96999999999937,139.06999999999937,139.92999999999935,2212
2026-06-04T15:00:00+00:00,139.92999999999935,141.01999999999936,139.83999999999938,140.95999999999935,1798
2026-06-04T15:30:00+00:00,140.95999999999935,141.02999999999938,140.42999999999935,140.77999999999938,1725
2026-06-04T16:00:00+00:00,140.77999999999938,140.91999999999936,140.58999999999938,140.88999999999936,1230
2026-06-04T16:30:00+00:00,140.88999999999936,142.08999999999938,140.85999999999936,141.90999999999937,1385
2026-06-04T17:00:00+00:00,141.90999999999937,142.02999999999938,141.13999999999936,141.16999999999936,1354
2026-06-04T17:30:00+00:00,141.16999999999936,141.35999999999936,140.74999999999937,141.29999999999936,1462
2026-06-04T18:00:00+00:00,141.29999999999936,141.34999999999937,140.91999999999936,141.03999999999937,1227
2026-06-04T18:30:00+00:00,141.03999999999937,141.30999999999938,140.92999999999935,141.21999999999937,1106
2026-06-04T19:00:00+00:00,141.21999999999937,141.56999999999937,141.17999999999935,141.54999999999936,978
2026-06-04T19:30:00+00:00,141.54999999999936,141.79999999999936,141.09999999999937,141.56999999999937,2128
2026-06-05T13:30:00+00:00,141.56999999999937,142.05999999999938,138.97999999999936,139.79999999999936,1669
2026-06-05T14:00:00+00:00,139.79999999999936,140.71999999999932,139.21999999999926,139.30999999999926,2115.2115249638864
2026-06-05T14:30:00+00:00,139.30999999999926,140.19999999999928,139.29999999999927,139.92999999999924,1605.3616482807067
2026-06-05T15:00:00+00:00,139.92999999999924,139.93999999999923,139.34999999999923,139.4099999999992,1791.0819405881205
2026-06-05T15:30:00+00:00,139.4099999999992,139.44999999999922,138.1599999999992,138.16999999999922,2063
2026-06-05T16:00:00+00:00,138.16999999999922,138.29999999999922,137.4699999999992,137.51999999999921,1836
2026-06-05T16:30:00+00:00,137.51999999999921,138.29999999999922,137.28999999999922,138.28999999999922,2012
2026-06-05T17:00:00+00:00,138.28999999999922,138.29999999999922,137.78999999999922,138.01999999999921,1982
2026-06-05T17:30:00+00:00,138.01999999999921,138.37999999999923,137.76999999999921,137.8999999999992,1463
2026-06-05T18:00:00+00:00,137.8999999999992,137.97999999999922,137.07999999999922,137.32999999999922,2081
2026-06-05T18:30:00+00:00,137.32999999999922,137.9599999999992,137.07999999999922,137.5599999999992,2505
2026-06-05T19:00:00+00:00,137.5599999999992,137.85999999999922,137.25999999999922,137.60999999999922,2071
2026-06-05T19:30:00+00:00,137.60999999999922,138.6499999999992,137.41999999999922,138.28999999999922,2581
2026-06-08T13:30:00+00:00,138.28999999999922,140.63999999999922,138.28999999999922,138.9399999999992,2496
2026-06-08T14:00:00+00:00,138.9399999999992,139.8099999999992,138.85999999999922,139.25999999999922,3225
2026-06-08T14:30:00+00:00,139.25999999999922,140.31999999999923,139.2399999999992,140.3099999999992,3388
2026-06-08T15:00:00+00:00,140.3099999999992,140.56999999999923,139.9899999999992,140.07999999999922,2434
2026-06-08T15:30:00+00:00,140.07999999999922,140.56999999999923,139.94999999999922,140.4699999999992,2356
2026-06-08T16:00:00+00:00,140.4699999999992,140.76999999999921,140.4099999999992,140.69999999999922,2114
2026-06-08T16:30:00+00:00,140.69999999999922,140.7799999999992,140.01999999999921,140.41999999999922,2286
2026-06-08T17:00:00+00:00,140.41999999999922,140.41999999999922,139.6899999999992,140.1899999999992,2515
2026-06-08T17:30:00+00:00,140.1899999999992,140.2099999999992,139.79999999999922,139.9099999999992,2394
2026-06-08T18:00:00+00:00,139.9099999999992,140.2799999999992,139.54999999999922,139.60999999999922,1930
2026-06-08T18:30:00+00:00,139.60999999999922,139.8699999999992,139.4299999999992,139.56999999999923,1948
2026-06-08T19:00:00+00:00,139.56999999999923,139.8099999999992,139.01999999999921,139.31999999999923,1911
2026-06-08T19:30:00+00:00,139.31999999999923,139.38999999999922,138.94999999999922,139.13999999999922,2453
2026-06-09T13:30:00+00:00,139.13999999999922,141.75999999999922,139.13999999999922,140.57999999999922,2106
2026-06-09T14:00:00+00:00,140.57999999999922,141.10999999999922,139.4599999999992,140.38999999999922,2661
2026-06-09T14:30:00+00:00,140.38999999999922,140.62999999999923,138.5899999999992,140.0899999999992,3001
2026-06-09T15:00:00+00:00,140.0899999999992,140.2399999999992,138.2099999999992,138.3099999999992,3818
2026-06-09T15:30:00+00:00,138.3099999999992,139.22999999999922,138.25999999999922,138.51999999999921,4391
2026-06-09T16:00:00+00:00,138.51999999999921,139.13999999999922,138.31999999999923,139.07999999999922,4747
2026-06-09T16:30:00+00:00,139.07999999999922,139.4099999999992,137.75999999999922,138.4299999999992,3521
2026-06-09T17:00:00+00:00,138.4299999999992,140.07999999999922,138.26999999999921,140.06999999999923,3576
2026-06-09T17:30:00+00:00,140.06999999999923,140.9099999999992,139.9299999999992,140.54999999999922,3429
2026-06-09T18:00:00+00:00,140.54999999999922,140.7499999999992,140.3099999999992,140.7399999999992,3556
2026-06-09T18:30:00+00:00,140.7399999999992,141.12999999999923,140.6199999999992,140.97999999999922,2440
2026-06-09T19:00:00+00:00,140.97999999999922,141.1899999999992,140.5899999999992,140.6499999999992,2919
2026-06-09T19:30:00+00:00,140.6499999999992,140.79999999999922,140.04999999999922,140.5299999999992,3021
2026-06-10T13:30:00+00:00,140.5299999999992,142.9599999999992,138.53999999999922,140.94999999999922,3327
2026-06-10T14:00:00+00:00,140.94999999999922,141.29999999999922,139.9299999999992,140.31999999999923,3131
2026-06-10T14:30:00+00:00,140.31999999999923,140.54999999999922,138.4899999999992,138.97999999999922,3832.5629151291514
2026-06-10T15:00:00+00:00,138.97999999999922,139.65999999999923,138.4299999999992,139.19999999999922,5056
2026-06-10T15:30:00+00:00,139.19999999999922,139.60999999999922,138.44999999999922,139.07999999999922,4761
2026-06-10T16:00:00+00:00,139.07999999999922,139.44999999999922,138.7399999999992,139.40999999999923,3182
2026-06-10T16:30:00+00:00,139.40999999999923,140.35999999999922,139.34999999999923,140.29999999999922,3816
2026-06-10T17:00:00+00:00,140.29999999999922,140.69999999999922,139.55999999999923,139.65999999999923,3518
2026-06-10T17:30:00+00:00,139.65999999999923,140.04999999999922,138.91999999999922,139.9299999999992,4032
2026-06-10T18:00:00+00:00,139.9299999999992,140.18999999999923,139.51999999999921,139.7399999999992,3144
2026-06-10T18:30:00+00:00,139.7399999999992,139.79999999999922,139.21999999999923,139.63999999999922,2789
2026-06-10T19:00:00+00:00,139.63999999999922,139.83999999999924,139.34999999999923,139.57999999999922,2524
2026-06-10T19:30:00+00:00,139.57999999999922,139.93999999999923,139.1499999999992,139.34999999999923,2492
2026-06-11T13:30:00+00:00,139.34999999999923,141.80999999999923,139.00999999999922,140.96999999999923,2196
2026-06-11T14:00:00+00:00,140.96999999999923,140.96999999999923,139.82999999999922,140.55999999999923,3853
2026-06-11T14:30:00+00:00,140.55999999999923,141.2099999999992,140.38999999999922,140.54999999999922,3830
2026-06-11T15:00:00+00:00,140.54999999999922,141.01999999999921,140.07999999999922,140.88999999999922,3952
2026-06-11T15:30:00+00:00,140.88999999999922,141.29999999999922,140.69999999999922,140.91999999999922,4801
2026-06-11T16:00:00+00:00,140.91999999999922,141.19999999999922,140.57999999999922,140.72999999999922,4125
2026-06-11T16:30:00+00:00,140.72999999999922,141.08999999999924,140.59999999999923,140.62999999999923,3777
2026-06-11T17:00:00+00:00,140.62999999999923,142.34999999999923,140.55999999999923,142.11999999999924,4078
2026-06-11T17:30:00+00:00,142.11999999999924,143.32999999999922,142.05999999999923,143.1799999999992,3426
2026-06-11T18:00:00+00:00,143.1799999999992,143.33999999999924,142.49999999999923,142.94999999999922,4775
2026-06-11T18:30:00+00:00,142.94999999999922,143.31999999999923,142.8999999999992,143.27999999999923,3118
2026-06-11T19:00:00+00:00,143.27999999999923,143.69999999999922,143.2099999999992,143.60999999999922,2944
2026-06-11T19:30:00+00:00,143.60999999999922,144.10999999999922,143.43999999999923,143.90999999999923,3743
2026-06-12T13:30:00+00:00,143.90999999999923,146.11999999999924,143.90999999999923,144.47999999999922,2175
2026-06-12T14:00:00+00:00,144.47999999999922,145.91999999999922,144.38999999999922,145.76999999999921,3320
2026-06-12T14:30:00+00:00,145.76999999999921,146.85999999999922,145.44999999999922,146.81999999999925,5099.830870795347
2026-06-12T15:00:00+00:00,146.81999999999925,147.02999999999926,146.56999999999925,146.91999999999925,3539
2026-06-12T15:30:00+00:00,146.91999999999925,146.95999999999924,145.82999999999925,145.95999999999924,5040
2026-06-12T16:00:00+00:00,145.95999999999924,146.61999999999927,145.54999999999924,146.18999999999926,4992
2026-06-12T16:30:00+00:00,146.18999999999926,146.44999999999925,145.90999999999926,146.00999999999925,2643
2026-06-12T17:00:00+00:00,146.00999999999925,146.25999999999925,145.91999999999925,146.01999999999924,2411
2026-06-12T17:30:00+00:00,146.01999999999924,146.13999999999925,145.80999999999926,145.91999999999925,1620
2026-06-12T18:00:00+00:00,145.91999999999925,146.17999999999924,145.71999999999926,145.91999999999925,1871
2026-06-12T18:30:00+00:00,145.91999999999925,146.42999999999924,145.84999999999926,146.18999999999926,1379
2026-06-12T19:00:00+00:00,146.18999999999926,146.46999999999926,146.09999999999926,146.46999999999926,1105
2026-06-12T19:30:00+00:00,146.46999999999926,146.50999999999925,145.46999999999926,145.67999999999924,2194
2026-06-15T13:30:00+00:00,145.67999999999924,149.34999999999926,145.67999999999924,148.01999999999924,2341
2026-06-15T14:00:00+00:00,148.01999999999924,148.23999999999924,147.10999999999925,147.59999999999926,3331
2026-06-15T14:30:00+00:00,147.59999999999926,147.80999999999926,147.34999999999926,147.58999999999926,2432
2026-06-15T15:00:00+00:00,147.58999999999926,147.88999999999925,147.35999999999925,147.73999999999924,2071
2026-06-15T15:30:00+00:00,147.73999999999924,148.26999999999924,147.73999999999924,147.92999999999924,1805
2026-06-15T16:00:00+00:00,147.92999999999924,148.24999999999926,147.81999999999925,148.17999999999924,1211
2026-06-15T16:30:00+00:00,148.17999999999924,148.24999999999926,147.64999999999927,147.80999999999926,1195
2026-06-15T17:00:00+00:00,147.80999999999926,148.03999999999925,147.47999999999925,148.01999999999924,1085
2026-06-15T17:30:00+00:00,148.01999999999924,148.12999999999926,147.66999999999925,147.74999999999926,884
2026-06-15T18:00:00+00:00,147.74999999999926,147.75999999999925,147.27999999999926,147.31999999999925,1467
2026-06-15T18:30:00+00:00,147.31999999999925,147.79999999999924,147.25999999999925,147.64999999999927,1220
2026-06-15T19:00:00+00:00,147.64999999999927,147.78999999999925,147.46999999999926,147.64999999999927,1017
2026-06-15T19:30:00+00:00,147.64999999999927,147.77999999999926,146.79999999999924,147.07999999999925,2509
2026-06-16T13:30:00+00:00,147.07999999999925,149.20999999999924,147.07999999999925,147.31999999999925,2861
2026-06-16T14:00:00+00:00,147.31999999999925,147.63999999999925,146.92999999999924,147.10999999999925,3973
2026-06-16T14:30:00+00:00,147.10999999999925,148.26999999999924,146.99999999999926,148.06999999999925,3374
2026-06-16T15:00:00+00:00,148.06999999999925,148.18999999999926,147.81999999999925,147.97999999999925,2311
2026-06-16T15:30:00+00:00,147.97999999999925,148.30999999999926,147.79999999999924,148.18999999999926,2585
2026-06-16T16:00:00+00:00,148.18999999999926,148.92999999999924,148.14999999999927,148.67999999999924,2427
2026-06-16T16:30:00+00:00,148.67999999999924,148.94999999999925,148.55999999999926,148.77999999999926,1706
2026-06-16T17:00:00+00:00,148.77999999999926,148.89999999999927,148.53999999999925,148.60999999999925,1417
2026-06-16T17:30:00+00:00,148.60999999999925,148.81999999999925,148.53999999999925,148.55999999999926,1161
2026-06-16T18:00:00+00:00,148.55999999999926,148.66999999999925,148.26999999999924,148.42999999999924,1104
2026-06-16T18:30:00+00:00,148.42999999999924,148.47999999999925,148.10999999999925,148.36999999999927,1273
2026-06-16T19:00:00+00:00,148.36999999999927,148.57999999999925,148.24999999999926,148.26999999999924,1751
2026-06-16T19:30:00+00:00,148.26999999999924,148.91999999999925,148.18999999999926,148.90999999999926,2569
2026-06-17T13:30:00+00:00,148.90999999999926,152.05999999999926,148.41999999999925,151.79999999999924,1976
2026-06-17T14:00:00+00:00,151.79999999999924,152.15999999999926,151.43999999999926,151.64999999999927,3179
2026-06-17T14:30:00+00:00,151.64999999999927,152.05999999999926,150.83999999999926,151.80999999999926,3273.710344827586
2026-06-17T15:00:00+00:00,151.80999999999926,151.84999999999926,150.98999999999924,151.47999999999925,2838
2026-06-17T15:30:00+00:00,151.47999999999925,151.86999999999927,151.37999999999926,151.37999999999926,1935
2026-06-17T16:00:00+00:00,151.37999999999926,151.56999999999925,151.25999999999925,151.42999999999924,1573
2026-06-17T16:30:00+00:00,151.42999999999924,152.03999999999925,151.26999999999924,151.93999999999926,1345
2026-06-17T17:00:00+00:00,151.93999999999926,152.09999999999926,151.46999999999926,152.01999999999924,1575
2026-06-17T17:30:00+00:00,152.01999999999924,152.27999999999926,151.77999999999926,152.25999999999925,1244
2026-06-17T18:00:00+00:00,152.25999999999925,152.30999999999926,150.97999999999925,151.72999999999925,4506
2026-06-17T18:30:00+00:00,151.72999999999925,152.43999999999926,151.26999999999924,151.44999999999925,4629
2026-06-17T19:00:00+00:00,151.44999999999925,151.56999999999925,149.93999999999926,150.17999999999924,3951
2026-06-17T19:30:00+00:00,150.17999999999924,150.20999999999924,149.27999999999926,149.69999999999925,4493
2026-06-18T13:30:00+00:00,149.69999999999925,153.72999999999925,149.69999999999925,152.90999999999926,2113
2026-06-18T14:00:00+00:00,152.90999999999926,153.58999999999926,152.20999999999924,152.89999999999924,3157
2026-06-18T14:30:00+00:00,152.89999999999924,153.05999999999926,152.35999999999925,152.69999999999925,2909.315596330275
2026-06-18T15:00:00+00:00,152.69999999999925,152.75999999999925,151.43999999999923,152.02999999999923,3632
2026-06-18T15:30:00+00:00,152.02999999999923,152.14999999999924,151.77999999999923,151.77999999999923,2409
2026-06-18T16:00:00+00:00,151.77999999999923,151.88999999999925,151.02999999999923,151.11999999999924,2532
2026-06-18T16:30:00+00:00,151.11999999999924,151.17999999999924,149.99999999999923,150.24999999999923,2251
2026-06-18T17:00:00+00:00,150.24999999999923,150.81999999999925,150.19999999999925,150.44999999999925,1923
2026-06-18T17:30:00+00:00,150.44999999999925,150.54999999999924,150.05999999999923,150.49999999999923,1451
2026-06-18T18:00:00+00:00,150.49999999999923,150.49999999999923,149.86999999999924,150.22999999999925,1727
2026-06-18T18:30:00+00:00,150.22999999999925,150.40999999999923,150.00999999999925,150.10999999999925,1266
2026-06-18T19:00:00+00:00,150.10999999999925,150.18999999999923,149.41999999999925,149.51999999999924,1779
2026-06-18T19:30:00+00:00,149.51999999999924,150.10999999999925,148.86999999999924,148.95999999999924,3090
2026-06-22T13:30:00+00:00,148.95999999999924,152.01999999999924,148.95999999999924,151.20999999999924,2132
2026-06-22T14:00:00+00:00,151.20999999999924,152.19999999999925,150.66999999999925,151.51999999999924,3965
2026-06-22T14:30:00+00:00,151.51999999999924,151.84999999999926,151.09999999999926,151.78999999999925,4059
2026-06-22T15:00:00+00:00,151.78999999999925,152.03999999999925,151.22999999999925,151.64999999999924,2620
2026-06-22T15:30:00+00:00,151.64999999999924,152.03999999999925,151.36999999999924,151.80999999999923,2644
2026-06-22T16:00:00+00:00,151.80999999999923,152.05999999999923,151.37999999999923,151.56999999999925,2368
2026-06-22T16:30:00+00:00,151.56999999999925,152.05999999999923,151.54999999999924,151.73999999999924,1602
2026-06-22T17:00:00+00:00,151.73999999999924,151.81999999999925,151.31999999999925,151.54999999999924,1671
2026-06-22T17:30:00+00:00,151.54999999999924,151.65999999999923,151.26999999999924,151.45999999999924,1548
2026-06-22T18:00:00+00:00,151.45999999999924,151.60999999999925,151.06999999999925,151.12999999999923,1462
2026-06-22T18:30:00+00:00,151.12999999999923,151.26999999999924,150.80999999999923,151.04999999999924,1424
2026-06-22T19:00:00+00:00,151.04999999999924,151.50999999999925,151.04999999999924,151.24999999999923,1303
2026-06-22T19:30:00+00:00,151.24999999999923,151.65999999999923,150.93999999999923,151.60999999999925,2271
2026-06-23T13:30:00+00:00,151.60999999999925,151.60999999999925,148.95999999999924,149.68999999999923,2558
2026-06-23T14:00:00+00:00,149.68999999999923,150.95999999999924,149.54999999999924,150.82999999999925,3783
2026-06-23T14:30:00+00:00,150.82999999999925,151.92999999999924,150.53999999999925,151.75999999999925,4155
2026-06-23T15:00:00+00:00,151.75999999999925,151.80999999999923,151.33999999999924,151.56999999999925,2917
2026-06-23T15:30:00+00:00,151.56999999999925,152.00999999999925,151.30999999999923,151.34999999999926,3090
2026-06-23T16:00:00+00:00,151.34999999999926,151.90999999999923,151.34999999999926,151.75999999999925,2296
2026-06-23T16:30:00+00:00,151.75999999999925,151.98999999999924,151.15999999999923,151.15999999999923,1886
2026-06-23T17:00:00+00:00,151.15999999999923,151.49999999999923,151.01999999999924,151.36999999999924,1788
2026-06-23T17:30:00+00:00,151.36999999999924,151.82999999999925,151.36999999999924,151.46999999999923,1679
2026-06-23T18:00:00+00:00,151.46999999999923,151.68999999999923,151.15999999999923,151.26999999999924,1895
2026-06-23T18:30:00+00:00,151.26999999999924,151.39999999999924,150.97999999999925,151.14999999999924,1436
2026-06-23T19:00:00+00:00,151.14999999999924,151.31999999999925,150.82999999999925,151.26999999999924,1658
2026-06-23T19:30:00+00:00,151.26999999999924,151.41999999999925,150.65999999999923,151.04999999999924,2952
2026-06-24T13:30:00+00:00,151.04999999999924,151.65999999999923,149.20999999999924,150.65999999999923,2172
2026-06-24T14:00:00+00:00,150.65999999999923,150.92999999999924,149.86999999999924,150.05999999999923,3959
2026-06-24T14:30:00+00:00,150.05999999999923,150.79999999999924,149.86999999999924,150.06999999999923,3409.5325443786983
2026-06-24T15:00:00+00:00,150.06999999999923,150.56999999999923,149.8699999999992,150.53999999999922,2982
2026-06-24T15:30:00+00:00,150.53999999999922,150.66999999999922,149.9699999999992,150.00999999999922,2727
2026-06-24T16:00:00+00:00,150.00999999999922,150.0599999999992,149.22999999999922,149.50999999999922,2352
2026-06-24T16:30:00+00:00,149.50999999999922,149.60999999999922,149.09999999999923,149.50999999999922,2348
2026-06-24T17:00:00+00:00,149.50999999999922,149.7399999999992,149.06999999999923,149.19999999999922,2316
2026-06-24T17:30:00+00:00,149.19999999999922,149.8699999999992,149.03999999999922,149.41999999999922,3078
2026-06-24T18:00:00+00:00,149.41999999999922,150.01999999999921,149.31999999999923,149.8799999999992,2456
2026-06-24T18:30:00+00:00,149.8799999999992,150.1899999999992,149.59999999999923,149.91999999999922,2100
2026-06-24T19:00:00+00:00,149.91999999999922,150.1899999999992,149.81999999999923,150.07999999999922,1741
2026-06-24T19:30:00+00:00,150.07999999999922,150.19999999999922,149.3099999999992,149.59999999999923,2828
2026-06-25T13:30:00+00:00,149.59999999999923,152.10999999999922,149.59999999999923,151.50999999999922,1873
2026-06-25T14:00:00+00:00,151.50999999999922,153.2199999999992,151.47999999999922,152.9299999999992,4121
2026-06-25T14:30:00+00:00,152.9299999999992,153.63999999999922,152.85999999999922,152.9099999999992,3843
2026-06-25T15:00:00+00:00,152.9099999999992,153.1299999999992,151.79999999999922,152.72999999999922,4371
2026-06-25T15:30:00+00:00,152.72999999999922,152.79999999999922,152.04999999999922,152.2399999999992,3009
2026-06-25T16:00:00+00:00,152.2399999999992,152.47999999999922,152.0599999999992,152.2799999999992,2419
2026-06-25T16:30:00+00:00,152.2799999999992,152.31999999999923,151.1199999999992,151.16999999999922,2733
2026-06-25T17:00:00+00:00,151.16999999999922,151.2799999999992,150.76999999999921,150.97999999999922,2154
2026-06-25T17:30:00+00:00,150.97999999999922,151.22999999999922,150.76999999999921,151.19999999999922,2132
2026-06-25T18:00:00+00:00,151.19999999999922,151.85999999999922,150.8999999999992,151.7099999999992,2603
2026-06-25T18:30:00+00:00,151.7099999999992,151.7099999999992,150.8699999999992,151.2499999999992,2178
2026-06-25T19:00:00+00:00,151.2499999999992,151.3399999999992,150.97999999999922,151.00999999999922,1642
2026-06-25T19:30:00+00:00,151.00999999999922,151.0899999999992,150.53999999999922,150.85999999999922,2062
2026-06-26T13:30:00+00:00,150.85999999999922,150.85999999999922,146.53999999999922,148.10999999999922,2398
2026-06-26T14:00:00+00:00,148.10999999999922,148.88999999999922,147.8699999999992,148.59999999999923,2854
2026-06-26T14:30:00+00:00,148.59999999999923,149.1799999999992,148.0599999999992,148.1299999999992,4560.078008009751
2026-06-26T15:00:00+00:00,148.1299999999992,148.5299999999992,147.3199999999992,148.4899999999992,3830
2026-06-26T15:30:00+00:00,148.4899999999992,149.01999999999921,148.0999999999992,148.8999999999992,3560
2026-06-26T16:00:00+00:00,148.8999999999992,149.1599999999992,147.7099999999992,147.9299999999992,2946
2026-06-26T16:30:00+00:00,147.9299999999992,148.1899999999992,147.8699999999992,147.9899999999992,2204
2026-06-26T17:00:00+00:00,147.9899999999992,148.1599999999992,147.4499999999992,147.6899999999992,2386
2026-06-26T17:30:00+00:00,147.6899999999992,148.1399999999992,147.51999999999921,147.5999999999992,2359
2026-06-26T18:00:00+00:00,147.5999999999992,147.8399999999992,147.2299999999992,147.3399999999992,2081
2026-06-26T18:30:00+00:00,147.3399999999992,147.3899999999992,146.8299999999992,147.0899999999992,1935
2026-06-26T19:00:00+00:00,147.0899999999992,147.6399999999992,146.9199999999992,147.4499999999992,2241
2026-06-26T19:30:00+00:00,147.4499999999992,147.8399999999992,146.7799999999992,147.4099999999992,3459
2026-06-29T13:30:00+00:00,147.4099999999992,149.04999999999922,147.1299999999992,147.9799999999992,1063
2026-06-29T14:00:00+00:00,147.9799999999992,148.6499999999992,147.5799999999992,148.3499999999992,2193
2026-06-29T14:30:00+00:00,148.3499999999992,148.9099999999992,148.3199999999992,148.6999999999992,3537
2026-06-29T15:00:00+00:00,148.6999999999992,148.8899999999992,148.3699999999992,148.6999999999992,2903
2026-06-29T15:30:00+00:00,148.6999999999992,148.8699999999992,148.5599999999992,148.7899999999992,2104
2026-06-29T16:00:00+00:00,148.7899999999992,149.2099999999992,148.7599999999992,148.9299999999992,1699
2026-06-29T16:30:00+00:00,148.9299999999992,149.1399999999992,148.6799999999992,148.8599999999992,1522
2026-06-29T17:00:00+00:00,148.8599999999992,149.2299999999992,148.8199999999992,148.9799999999992,1275
2026-06-29T17:30:00+00:00,148.9799999999992,149.3799999999992,148.9399999999992,149.2899999999992,1551
2026-06-29T18:00:00+00:00,149.2899999999992,149.54999999999922,149.1899999999992,149.5399999999992,1001
2026-06-29T18:30:00+00:00,149.5399999999992,149.6399999999992,149.29999999999922,149.29999999999922,1164
2026-06-29T19:00:00+00:00,149.29999999999922,149.3799999999992,148.8199999999992,148.8799999999992,1292
2026-06-29T19:30:00+00:00,148.8799999999992,148.9699999999992,148.1899999999992,148.3799999999992,1982
2026-06-30T13:30:00+00:00,148.3799999999992,148.3799999999992,145.8299999999992,147.4699999999992,1560
2026-06-30T14:00:00+00:00,147.4699999999992,147.4899999999992,146.0899999999992,146.9199999999992,2803
2026-06-30T14:30:00+00:00,146.9199999999992,147.3699999999992,146.7299999999992,146.7299999999992,2638
2026-06-30T15:00:00+00:00,146.7299999999992,146.9499999999992,146.3199999999992,146.3199999999992,1845
2026-06-30T15:30:00+00:00,146.3199999999992,146.4399999999992,145.51999999999921,146.1699999999992,2505
2026-06-30T16:00:00+00:00,146.1699999999992,146.6799999999992,146.0299999999992,146.6599999999992,1746
2026-06-30T16:30:00+00:00,146.6599999999992,146.8099999999992,146.51999999999921,146.7399999999992,1229
2026-06-30T17:00:00+00:00,146.7399999999992,146.7599999999992,146.1499999999992,146.2399999999992,987
2026-06-30T17:30:00+00:00,146.2399999999992,146.4599999999992,146.1899999999992,146.2799999999992,1022
2026-06-30T18:00:00+00:00,146.2799999999992,146.4099999999992,145.9699999999992,146.1299999999992,1148
2026-06-30T18:30:00+00:00,146.1299999999992,146.5699999999992,145.9699999999992,146.4199999999992,1234
2026-06-30T19:00:00+00:00,146.4199999999992,146.4399999999992,145.8499999999992,145.9699999999992,1340
2026-06-30T19:30:00+00:00,145.9699999999992,146.0099999999992,145.1699999999992,145.8399999999992,2970
2026-07-01T13:30:00+00:00,145.8399999999992,145.8399999999992,143.8999999999992,144.8899999999992,2208
2026-07-01T14:00:00+00:00,144.8899999999992,146.0599999999992,144.5099999999992,145.6199999999992,1936
2026-07-01T14:30:00+00:00,145.6199999999992,146.1899999999992,145.3499999999992,146.06999999999923,2594.9749362786747
2026-07-01T15:00:00+00:00,146.06999999999923,146.76999999999921,145.60999999999922,146.51999999999921,2412
2026-07-01T15:30:00+00:00,146.51999999999921,146.65999999999923,145.93999999999923,146.4299999999992,2094
2026-07-01T16:00:00+00:00,146.4299999999992,147.07999999999922,146.3099999999992,146.78999999999922,1876
2026-07-01T16:30:00+00:00,146.78999999999922,146.9299999999992,145.8999999999992,145.8999999999992,1658
2026-07-01T17:00:00+00:00,145.8999999999992,146.02999999999923,145.4899999999992,145.7399999999992,1698
2026-07-01T17:30:00+00:00,145.7399999999992,145.8399999999992,145.40999999999923,145.50999999999922,1344
2026-07-01T18:00:00+00:00,145.50999999999922,145.7099999999992,145.3699999999992,145.57999999999922,1245
2026-07-01T18:30:00+00:00,145.57999999999922,146.0899999999992,145.54999999999922,145.96999999999923,1284
2026-07-01T19:00:00+00:00,145.96999999999923,146.22999999999922,145.84999999999923,145.88999999999922,1359
2026-07-01T19:30:00+00:00,145.88999999999922,146.3699999999992,145.8099999999992,146.00999999999922,2087
2026-07-02T13:30:00+00:00,146.00999999999922,147.6799999999992,146.00999999999922,146.47999999999922,1423
2026-07-02T14:00:00+00:00,146.47999999999922,147.1199999999992,145.8099999999992,145.81999999999923,1520
2026-07-02T14:30:00+00:00,145.81999999999923,146.28999999999922,145.32999999999922,146.1199999999992,2310.227418955704
2026-07-02T15:00:00+00:00,146.1199999999992,146.2199999999992,145.3499999999992,145.76999999999921,3520
2026-07-02T15:30:00+00:00,145.76999999999921,146.2599999999992,145.0299999999992,145.1399999999992,2836
2026-07-02T16:00:00+00:00,145.1399999999992,145.4299999999992,144.8499999999992,144.9499999999992,2468
2026-07-02T16:30:00+00:00,144.9499999999992,145.4299999999992,144.7899999999992,144.9999999999992,2070
2026-07-02T17:00:00+00:00,144.9999999999992,145.0899999999992,144.2899999999992,144.3199999999992,2241
2026-07-02T17:30:00+00:00,144.3199999999992,144.5699999999992,144.0299999999992,144.0799999999992,2018
2026-07-02T18:00:00+00:00,144.0799999999992,144.6299999999992,143.9599999999992,144.5699999999992,1837
2026-07-02T18:30:00+00:00,144.5699999999992,144.9199999999992,144.5299999999992,144.76999999999921,1420
2026-07-02T19:00:00+00:00,144.76999999999921,144.7999999999992,144.3799999999992,144.4599999999992,1553
2026-07-02T19:30:00+00:00,144.4599999999992,145.7899999999992,144.3899999999992,145.6899999999992,2356
2026-07-06T13:30:00+00:00,145.6899999999992,149.1599999999992,145.6899999999992,148.6099999999992,1641
2026-07-06T14:00:00+00:00,148.6099999999992,148.8299999999992,148.0899999999992,148.7499999999992,2513
2026-07-06T14:30:00+00:00,148.7499999999992,149.1499999999992,148.4199999999992,149.1499999999992,2641
2026-07-06T15:00:00+00:00,149.1499999999992,149.3599999999992,149.0099999999992,149.0399999999992,1967
2026-07-06T15:30:00+00:00,149.0399999999992,149.1999999999992,148.7299999999992,148.8799999999992,1376
2026-07-06T16:00:00+00:00,148.8799999999992,148.9899999999992,148.5999999999992,148.8399999999992,1179
2026-07-06T16:30:00+00:00,148.8399999999992,148.8399999999992,148.4099999999992,148.4299999999992,959
2026-07-06T17:00:00+00:00,148.4299999999992,148.7799999999992,148.2999999999992,148.5699999999992,1022
2026-07-06T17:30:00+00:00,148.5699999999992,148.6899999999992,148.3599999999992,148.6399999999992,1109
2026-07-06T18:00:00+00:00,148.6399999999992,149.0799999999992,148.5899999999992,148.9699999999992,1101
2026-07-06T18:30:00+00:00,148.9699999999992,149.1299999999992,148.7799999999992,149.1099999999992,921
2026-07-06T19:00:00+00:00,149.1099999999992,149.1999999999992,148.6699999999992,148.9799999999992,1232
2026-07-06T19:30:00+00:00,148.9799999999992,149.5799999999992,148.7099999999992,149.5299999999992,2263
2026-07-07T13:30:00+00:00,149.5299999999992,150.2199999999992,148.7999999999992,149.4599999999992,1992
2026-07-07T14:00:00+00:00,149.4599999999992,149.6699999999992,148.6699999999992,148.8199999999992,2375
2026-07-07T14:30:00+00:00,148.8199999999992,148.9599999999992,147.5699999999992,147.7599999999992,2290
2026-07-07T15:00:00+00:00,147.7599999999992,147.9099999999992,147.3499999999992,147.8899999999992,2387
2026-07-07T15:30:00+00:00,147.8899999999992,148.2399999999992,147.4399999999992,147.5299999999992,1866
2026-07-07T16:00:00+00:00,147.5299999999992,147.6899999999992,147.01999999999921,147.5499999999992,1542
2026-07-07T16:30:00+00:00,147.5499999999992,147.7199999999992,147.4399999999992,147.6199999999992,1066
2026-07-07T17:00:00+00:00,147.6199999999992,147.9299999999992,147.4599999999992,147.8499999999992,962
2026-07-07T17:30:00+00:00,147.8499999999992,148.0899999999992,147.5899999999992,147.6499999999992,949
2026-07-07T18:00:00+00:00,147.6499999999992,147.6999999999992,147.2499999999992,147.4199999999992,1061
2026-07-07T18:30:00+00:00,147.4199999999992,147.4799999999992,147.1299999999992,147.2499999999992,1225
2026-07-07T19:00:00+00:00,147.2499999999992,147.2799999999992,146.6999999999992,146.7199999999992,1677
2026-07-07T19:30:00+00:00,146.7199999999992,147.0999999999992,146.3599999999992,146.4999999999992,2016
2026-07-08T13:30:00+00:00,146.4999999999992,146.4999999999992,144.3699999999992,145.4499999999992,1740
2026-07-08T14:00:00+00:00,145.4499999999992,145.7099999999992,143.9099999999992,144.7299999999992,2130
2026-07-08T14:30:00+00:00,144.7299999999992,144.7399999999992,142.9199999999992,143.6399999999992,2145.766228344813
2026-07-08T15:00:00+00:00,143.6399999999992,144.0499999999992,143.3499999999992,143.5599999999992,2710
2026-07-08T15:30:00+00:00,143.5599999999992,143.7999999999992,143.2499999999992,143.4099999999992,1919
2026-07-08T16:00:00+00:00,143.4099999999992,143.8699999999992,143.3699999999992,143.8499999999992,1732
2026-07-08T16:30:00+00:00,143.8499999999992,144.1999999999992,143.6999999999992,144.0599999999992,1677
2026-07-08T17:00:00+00:00,144.0599999999992,144.1999999999992,143.9499999999992,144.1399999999992,1407
2026-07-08T17:30:00+00:00,144.1399999999992,144.2999999999992,143.7599999999992,143.8299999999992,1316
2026-07-08T18:00:00+00:00,143.8299999999992,143.8799999999992,143.3799999999992,143.4299999999992,1377
2026-07-08T18:30:00+00:00,143.4299999999992,143.6999999999992,143.2599999999992,143.5099999999992,1345
2026-07-08T19:00:00+00:00,143.5099999999992,143.5699999999992,143.3099999999992,143.4399999999992,986
2026-07-08T19:30:00+00:00,143.4399999999992,143.4699999999992,142.9799999999992,143.2099999999992,1902
2026-07-09T13:30:00+00:00,143.2099999999992,144.6299999999992,143.2099999999992,144.0999999999992,1270
2026-07-09T14:00:00+00:00,144.0999999999992,145.0199999999992,144.0699999999992,144.7199999999992,2023
2026-07-09T14:30:00+00:00,144.7199999999992,145.1699999999992,144.5299999999992,145.1399999999992,1978
2026-07-09T15:00:00+00:00,145.1399999999992,145.1399999999992,144.4599999999992,144.5299999999992,1614
2026-07-09T15:30:00+00:00,144.5299999999992,144.7799999999992,144.4599999999992,144.6199999999992,1057
2026-07-09T16:00:00+00:00,144.6199999999992,145.2199999999992,144.6199999999992,145.0899999999992,1236
2026-07-09T16:30:00+00:00,145.0899999999992,145.1099999999992,144.6699999999992,144.6999999999992,1104
2026-07-09T17:00:00+00:00,144.6999999999992,145.0999999999992,144.6599999999992,145.0299999999992,985
2026-07-09T17:30:00+00:00,145.0299999999992,145.1999999999992,144.7899999999992,144.9399999999992,1024
2026-07-09T18:00:00+00:00,144.9399999999992,145.4699999999992,144.8399999999992,145.4499999999992,1283
2026-07-09T18:30:00+00:00,145.4499999999992,145.5899999999992,145.2699999999992,145.4299999999992,949
2026-07-09T19:00:00+00:00,145.4299999999992,145.4999999999992,145.1099999999992,145.1599999999992,886
2026-07-09T19:30:00+00:00,145.1599999999992,145.5399999999992,145.0999999999992,145.3299999999992,1645
2026-07-10T13:30:00+00:00,145.3299999999992,146.9499999999992,145.3299999999992,146.3399999999992,1592
2026-07-10T14:00:00+00:00,146.3399999999992,146.8699999999992,145.8099999999992,146.6499999999992,1787
2026-07-10T14:30:00+00:00,146.6499999999992,146.7099999999992,145.4599999999992,146.26999999999921,1686.6311121219014
2026-07-10T15:00:00+00:00,146.26999999999921,146.8499999999992,146.19999999999922,146.57999999999922,1746
2026-07-10T15:30:00+00:00,146.57999999999922,147.04999999999922,146.3799999999992,146.7399999999992,1470
2026-07-10T16:00:00+00:00,146.7399999999992,146.9699999999992,146.6299999999992,146.72999999999922,994
2026-07-10T16:30:00+00:00,146.72999999999922,147.0599999999992,146.7199999999992,146.9899999999992,983
2026-07-10T17:00:00+00:00,146.9899999999992,147.0999999999992,146.8999999999992,147.0999999999992,747
2026-07-10T17:30:00+00:00,147.0999999999992,147.2199999999992,146.7899999999992,146.8699999999992,937
2026-07-10T18:00:00+00:00,146.8699999999992,146.8799999999992,146.6599999999992,146.75999999999922,842
2026-07-10T18:30:00+00:00,146.75999999999922,146.8799999999992,146.6799999999992,146.7199999999992,499
2026-07-10T19:00:00+00:00,146.7199999999992,146.72999999999922,146.32999999999922,146.5299999999992,650
2026-07-10T19:30:00+00:00,146.5299999999992,146.9999999999992,146.26999999999921,146.4699999999992,1667
2026-07-13T13:30:00+00:00,146.4699999999992,147.04999999999922,144.6799999999992,144.8999999999992,2393
2026-07-13T14:00:00+00:00,144.8999999999992,145.0399999999992,143.47999999999922,144.94999999999922,2684
2026-07-13T14:30:00+00:00,144.94999999999922,144.94999999999922,143.8099999999992,143.8499999999992,1814
2026-07-13T15:00:00+00:00,143.8499999999992,144.10999999999922,143.32999999999922,143.66999999999922,2179
2026-07-13T15:30:00+00:00,143.66999999999922,144.01999999999921,143.5699999999992,143.9399999999992,1943
2026-07-13T16:00:00+00:00,143.9399999999992,144.1199999999992,143.7799999999992,143.8799999999992,1791
2026-07-13T16:30:00+00:00,143.8799999999992,144.3399999999992,143.5899999999992,144.1199999999992,2099
2026-07-13T17:00:00+00:00,144.1199999999992,144.4999999999992,144.04999999999922,144.25999999999922,1823
2026-07-13T17:30:00+00:00,144.25999999999922,144.88999999999922,144.1899999999992,144.4899999999992,1981
2026-07-13T18:00:00+00:00,144.4899999999992,144.97999999999922,144.4699999999992,144.76999999999921,2116
2026-07-13T18:30:00+00:00,144.76999999999921,145.1199999999992,144.6299999999992,145.07999999999922,1683
2026-07-13T19:00:00+00:00,145.07999999999922,145.3999999999992,144.97999999999922,145.1899999999992,1837
2026-07-13T19:30:00+00:00,145.1899999999992,146.5399999999992,145.1299999999992,146.3699999999992,3403
2026-07-14T13:30:00+00:00,146.3699999999992,149.38999999999922,142.7899999999992,147.8699999999992,1790
2026-07-14T14:00:00+00:00,147.8699999999992,149.9399999999992,147.85999999999922,148.94999999999922,2212
2026-07-14T14:30:00+00:00,148.94999999999922,149.5399999999992,148.54999999999922,148.8399999999992,1908
2026-07-14T15:00:00+00:00,148.8399999999992,149.3499999999992,143.0899999999992,143.7199999999992,2417
2026-07-14T15:30:00+00:00,143.7199999999992,143.79999999999922,138.2099999999992,140.4599999999992,3111
2026-07-14T16:00:00+00:00,140.4599999999992,141.3099999999992,139.38999999999922,139.69999999999922,2410
2026-07-14T16:30:00+00:00,139.69999999999922,141.0899999999992,139.3499999999992,140.1799999999992,2038
2026-07-14T17:00:00+00:00,140.1799999999992,140.88999999999922,139.6199999999992,139.76999999999921,1655
2026-07-14T17:30:00+00:00,139.76999999999921,139.76999999999921,137.8199999999992,138.13999999999922,1640
2026-07-14T18:00:00+00:00,138.13999999999922,139.00999999999922,137.9899999999992,138.3499999999992,1727
2026-07-14T18:30:00+00:00,138.3499999999992,139.8199999999992,138.3399999999992,139.6799999999992,1738
2026-07-14T19:00:00+00:00,139.6799999999992,140.07999999999922,139.0899999999992,139.4099999999992,2053
2026-07-14T19:30:00+00:00,139.4099999999992,140.4699999999992,138.7899999999992,138.9599999999992,3884
2026-07-15T13:30:00+00:00,138.9599999999992,140.2499999999992,137.5299999999992,139.8799999999992,2222
2026-07-15T14:00:00+00:00,139.8799999999992,139.9699999999992,138.3999999999992,139.7099999999992,2495
2026-07-15T14:30:00+00:00,139.7099999999992,140.6199999999992,138.7799999999992,139.49999999999923,2686.4635352286773
2026-07-15T15:00:00+00:00,139.49999999999923,139.99999999999923,139.10999999999922,139.53999999999922,1848
2026-07-15T15:30:00+00:00,139.53999999999922,140.74999999999923,139.46999999999923,140.6499999999992,1942
2026-07-15T16:00:00+00:00,140.6499999999992,140.8099999999992,139.09999999999923,139.72999999999922,2762
2026-07-15T16:30:00+00:00,139.72999999999922,139.9599999999992,139.22999999999922,139.74999999999923,2029
2026-07-15T17:00:00+00:00,139.74999999999923,140.10999999999922,138.87999999999923,139.21999999999923,2085
2026-07-15T17:30:00+00:00,139.21999999999923,140.27999999999923,139.19999999999922,140.0599999999992,1701
2026-07-15T18:00:00+00:00,140.0599999999992,140.32999999999922,139.7099999999992,139.8699999999992,1669
2026-07-15T18:30:00+00:00,139.8699999999992,140.25999999999922,139.84999999999923,140.01999999999921,1524
2026-07-15T19:00:00+00:00,140.01999999999921,140.52999999999923,139.82999999999922,140.28999999999922,1402
2026-07-15T19:30:00+00:00,140.28999999999922,140.91999999999922,139.85999999999922,140.8399999999992,2656
2026-07-16T13:30:00+00:00,140.8399999999992,140.8399999999992,137.4399999999992,137.7899999999992,1833.6543262111277
2026-07-16T14:00:00+00:00,137.7899999999992,139.5599999999992,137.7599999999992,139.54999999999922,2235
2026-07-16T14:30:00+00:00,139.54999999999922,139.88999999999922,139.3499999999992,139.6299999999992,1892
2026-07-16T15:00:00+00:00,139.6299999999992,139.7799999999992,138.6799999999992,138.6899999999992,1544
2026-07-16T15:30:00+00:00,138.6899999999992,138.9099999999992,138.26999999999921,138.6199999999992,1587
2026-07-16T16:00:00+00:00,138.6199999999992,138.63999999999922,138.0399999999992,138.1799999999992,1970
2026-07-16T16:30:00+00:00,138.1799999999992,138.6799999999992,137.9499999999992,138.57999999999922,1955
2026-07-16T17:00:00+00:00,138.57999999999922,138.7399999999992,138.04999999999922,138.0999999999992,1904
2026-07-16T17:30:00+00:00,138.0999999999992,138.2799999999992,137.1199999999992,137.3499999999992,1731
2026-07-16T18:00:00+00:00,137.3499999999992,137.9799999999992,137.1199999999992,137.8199999999992,1856
2026-07-16T18:30:00+00:00,137.8199999999992,137.9499999999992,137.5599999999992,137.7099999999992,1754
2026-07-16T19:00:00+00:00,137.7099999999992,138.4799999999992,137.7099999999992,137.9199999999992,1652
2026-07-16T19:30:00+00:00,137.9199999999992,137.9799999999992,137.2599999999992,137.7399999999992,2438
2026-07-17T13:30:00+00:00,137.7399999999992,137.7399999999992,132.91999999999922,135.59999999999928,2096
2026-07-17T14:00:00+00:00,135.59999999999928,137.0499999999993,135.53999999999928,136.7499999999993,2362
2026-07-17T14:30:00+00:00,136.7499999999993,137.12999999999928,136.1899999999993,136.4699999999993,2606
2026-07-17T15:00:00+00:00,136.4699999999993,136.72999999999928,136.2099999999993,136.59999999999928,2075
2026-07-17T15:30:00+00:00,136.59999999999928,136.72999999999928,136.03999999999928,136.1799999999993,2114
2026-07-17T16:00:00+00:00,136.1799999999993,136.4999999999993,135.81999999999928,136.1399999999993,1762
2026-07-17T16:30:00+00:00,136.1399999999993,136.2999999999993,135.8999999999993,135.9599999999993,1487
2026-07-17T17:00:00+00:00,135.9599999999993,136.1199999999993,135.81999999999928,135.9699999999993,1212
2026-07-17T17:30:00+00:00,135.9699999999993,136.1099999999993,135.7199999999993,135.8699999999993,1351
2026-07-17T18:00:00+00:00,135.8699999999993,136.1099999999993,135.19999999999928,135.28999999999928,1383
2026-07-17T18:30:00+00:00,135.28999999999928,135.56999999999928,135.1599999999993,135.2499999999993,1217
2026-07-17T19:00:00+00:00,135.2499999999993,135.4399999999993,134.9699999999993,135.19999999999928,1338
2026-07-17T19:30:00+00:00,135.19999999999928,135.8599999999993,134.9899999999993,135.31999999999928,2247
2026-07-20T13:30:00+00:00,135.31999999999928,137.1399999999993,135.31999999999928,135.62999999999928,2343
2026-07-20T14:00:00+00:00,135.62999999999928,135.9699999999993,134.9899999999993,135.1599999999993,2499
2026-07-20T14:30:00+00:00,135.1599999999993,136.2399999999993,135.0899999999993,135.91999999999928,2340.1226808027263
2026-07-20T15:00:00+00:00,135.91999999999928,136.30999999999926,135.82999999999927,136.04999999999927,2013
2026-07-20T15:30:00+00:00,136.04999999999927,136.41999999999928,135.81999999999928,136.24999999999926,1696
2026-07-20T16:00:00+00:00,136.24999999999926,136.52999999999926,135.73999999999927,135.82999999999927,1210
2026-07-20T16:30:00+00:00,135.82999999999927,135.96999999999926,135.45999999999927,135.51999999999927,1486
2026-07-20T17:00:00+00:00,135.51999999999927,135.68999999999926,135.20999999999927,135.36999999999927,1255
2026-07-20T17:30:00+00:00,135.36999999999927,135.47999999999928,135.09999999999928,135.44999999999928,1053
2026-07-20T18:00:00+00:00,135.44999999999928,135.54999999999927,135.28999999999928,135.51999999999927,1270
2026-07-20T18:30:00+00:00,135.51999999999927,135.53999999999928,135.06999999999928,135.41999999999928,1373
2026-07-20T19:00:00+00:00,135.41999999999928,135.41999999999928,134.45999999999927,134.77999999999926,1230
2026-07-20T19:30:00+00:00,134.77999999999926,134.86999999999927,134.23999999999927,134.68999999999926,2353
2026-07-21T13:30:00+00:00,134.68999999999926,137.93999999999926,134.68999999999926,137.83999999999926,1729
2026-07-21T14:00:00+00:00,137.83999999999926,138.31999999999928,137.62999999999928,137.92999999999927,2251
2026-07-21T14:30:00+00:00,137.92999999999927,138.22999999999928,137.42999999999927,137.77999999999926,1646
2026-07-21T15:00:00+00:00,137.77999999999926,138.54999999999927,137.77999999999926,138.50999999999928,1826
2026-07-21T15:30:00+00:00,138.50999999999928,138.56999999999928,138.10999999999927,138.42999999999927,1380
2026-07-21T16:00:00+00:00,138.42999999999927,139.15999999999926,138.42999999999927,139.10999999999927,1302
2026-07-21T16:30:00+00:00,139.10999999999927,139.38999999999928,138.98999999999927,139.30999999999926,911
2026-07-21T17:00:00+00:00,139.30999999999926,139.42999999999927,139.05999999999926,139.08999999999926,962
2026-07-21T17:30:00+00:00,139.08999999999926,139.15999999999926,138.75999999999928,138.82999999999927,945
2026-07-21T18:00:00+00:00,138.82999999999927,138.92999999999927,138.65999999999926,138.87999999999928,918
2026-07-21T18:30:00+00:00,138.87999999999928,138.95999999999927,138.67999999999927,138.67999999999927,849
2026-07-21T19:00:00+00:00,138.67999999999927,138.81999999999928,138.49999999999926,138.58999999999926,730
2026-07-21T19:30:00+00:00,138.58999999999926,138.73999999999927,138.32999999999927,138.68999999999926,1732
2026-07-22T13:30:00+00:00,138.68999999999926,139.71999999999926,138.44999999999928,138.91999999999928,1714
2026-07-22T14:00:00+00:00,138.91999999999928,138.91999999999928,137.93999999999926,138.45999999999927,2089
2026-07-22T14:30:00+00:00,138.45999999999927,139.30999999999926,138.39999999999927,138.87999999999928,1781
2026-07-22T15:00:00+00:00,138.87999999999928,139.69999999999928,138.81999999999928,139.62999999999928,1477
2026-07-22T15:30:00+00:00,139.62999999999928,139.71999999999926,139.24999999999926,139.39999999999927,1266
2026-07-22T16:00:00+00:00,139.39999999999927,139.50999999999928,139.09999999999928,139.42999999999927,873
2026-07-22T16:30:00+00:00,139.42999999999927,139.47999999999928,139.04999999999927,139.12999999999928,714
2026-07-22T17:00:00+00:00,139.12999999999928,139.21999999999926,138.61999999999927,138.61999999999927,890
2026-07-22T17:30:00+00:00,138.61999999999927,138.94999999999928,138.61999999999927,138.79999999999927,739
2026-07-22T18:00:00+00:00,138.79999999999927,138.84999999999928,138.58999999999926,138.63999999999928,849
2026-07-22T18:30:00+00:00,138.63999999999928,138.75999999999928,138.49999999999926,138.68999999999926,625
2026-07-22T19:00:00+00:00,138.68999999999926,138.69999999999928,138.17999999999927,138.23999999999927,978
2026-07-22T19:30:00+00:00,138.23999999999927,138.75999999999928,138.14999999999927,138.24999999999926,1707
2026-07-23T13:30:00+00:00,138.24999999999926,138.24999999999926,135.89999999999927,136.66999999999928,1677
2026-07-23T14:00:00+00:00,136.66999999999928,137.83999999999926,136.66999999999928,137.74999999999926,2052
2026-07-23T14:30:00+00:00,137.74999999999926,138.18999999999926,137.48999999999927,137.86999999999927,2162
2026-07-23T15:00:00+00:00,137.86999999999927,137.86999999999927,136.93999999999926,137.24999999999926,2391
2026-07-23T15:30:00+00:00,137.24999999999926,137.71999999999926,136.99999999999926,137.46999999999926,1991
2026-07-23T16:00:00+00:00,137.46999999999926,138.21999999999926,137.32999999999927,138.13999999999928,1493
2026-07-23T16:30:00+00:00,138.13999999999928,138.20999999999927,137.45999999999927,137.60999999999927,1462
2026-07-23T17:00:00+00:00,137.60999999999927,137.78999999999928,137.50999999999928,137.54999999999927,1276
2026-07-23T17:30:00+00:00,137.54999999999927,137.55999999999926,137.07999999999927,137.21999999999926,981
2026-07-23T18:00:00+00:00,137.21999999999926,137.60999999999927,137.02999999999926,137.48999999999927,1051
2026-07-23T18:30:00+00:00,137.48999999999927,137.77999999999926,137.42999999999927,137.63999999999928,955
2026-07-23T19:00:00+00:00,137.63999999999928,138.28999999999928,137.63999999999928,138.14999999999927,1140
2026-07-23T19:30:00+00:00,138.14999999999927,138.37999999999928,137.45999999999927,137.74999999999926,2494
2026-07-24T13:30:00+00:00,137.74999999999926,139.06999999999928,137.14999999999927,138.42999999999927,1443
2026-07-24T14:00:00+00:00,138.42999999999927,138.70999999999927,137.64999999999927,137.78999999999928,1771
2026-07-24T14:30:00+00:00,137.78999999999928,138.32999999999927,137.26999999999927,138.25999999999928,1583
2026-07-24T15:00:00+00:00,138.25999999999928,138.82999999999927,138.10999999999927,138.72999999999928,2100
2026-07-24T15:30:00+00:00,138.72999999999928,139.16999999999928,138.62999999999928,138.75999999999928,1505
2026-07-24T16:00:00+00:00,138.75999999999928,138.76999999999927,138.25999999999928,138.46999999999926,1201
2026-07-24T16:30:00+00:00,138.46999999999926,138.46999999999926,137.81999999999928,138.05999999999926,1224
2026-07-24T17:00:00+00:00,138.05999999999926,138.06999999999928,137.65999999999926,137.86999999999927,1328
2026-07-24T17:30:00+00:00,137.86999999999927,138.08999999999926,137.67999999999927,137.98999999999927,1035
2026-07-24T18:00:00+00:00,137.98999999999927,138.23999999999927,137.82999999999927,137.97999999999928,1331
2026-07-24T18:30:00+00:00,137.97999999999928,138.03999999999928,137.52999999999926,137.62999999999928,1267
2026-07-24T19:00:00+00:00,137.62999999999928,137.67999999999927,137.34999999999928,137.45999999999927,1036
2026-07-24T19:30:00+00:00,137.45999999999927,138.20999999999927,137.22999999999928,138.06999999999928,1772
2026-07-27T13:30:00+00:00,138.06999999999928,141.17999999999927,138.06999999999928,140.26999999999927,1871
2026-07-27T14:00:00+00:00,140.26999999999927,140.64999999999927,138.69999999999928,138.76999999999927,1682
2026-07-27T14:30:00+00:00,138.76999999999927,138.85999999999927,137.80999999999926,138.77999999999926,1751
2026-07-27T15:00:00+00:00,138.77999999999926,139.08999999999926,138.40999999999926,138.93999999999926,1561
2026-07-27T15:30:00+00:00,138.93999999999926,139.01999999999927,137.99999999999926,138.04999999999927,1658
2026-07-27T16:00:00+00:00,138.04999999999927,138.41999999999928,137.79999999999927,138.17999999999927,2006
2026-07-27T16:30:00+00:00,138.17999999999927,138.32999999999927,137.39999999999927,137.56999999999928,1403
2026-07-27T17:00:00+00:00,137.56999999999928,137.64999999999927,136.89999999999927,137.17999999999927,1316
2026-07-27T17:30:00+00:00,137.17999999999927,137.62999999999928,137.11999999999927,137.4699999999993,978.7681992337165
2026-07-27T18:00:00+00:00,137.4699999999993,137.7199999999993,137.23999999999924,137.64999999999924,973.1780549224426
2026-07-27T18:30:00+00:00,137.64999999999924,137.81999999999925,137.28999999999925,137.78999999999925,1043
2026-07-27T19:00:00+00:00,137.78999999999925,138.37999999999926,137.66999999999925,138.34999999999926,972
2026-07-27T19:30:00+00:00,138.34999999999926,139.11999999999924,138.28999999999925,139.06999999999925,1978
2026-07-28T13:30:00+00:00,139.06999999999925,139.06999999999925,136.48999999999924,137.74999999999926,3174
2026-07-28T14:00:00+00:00,137.74999999999926,138.17999999999924,137.52999999999926,137.85999999999925,2658
2026-07-28T14:30:00+00:00,137.85999999999925,137.98999999999924,137.06999999999925,137.73999999999924,2705
2026-07-28T15:00:00+00:00,137.73999999999924,137.98999999999924,137.31999999999925,137.69999999999925,2142
2026-07-28T15:30:00+00:00,137.69999999999925,138.26999999999924,137.69999999999925,138.16999999999925,1042
2026-07-28T16:00:00+00:00,138.16999999999925,138.21999999999926,137.78999999999925,138.02999999999926,720
2026-07-28T16:30:00+00:00,138.02999999999926,138.41999999999925,137.91999999999925,138.31999999999925,686
2026-07-28T17:00:00+00:00,138.31999999999925,138.45999999999924,138.10999999999925,138.11999999999924,881
2026-07-28T17:30:00+00:00,138.11999999999924,138.16999999999925,137.70999999999924,137.75999999999925,735
2026-07-28T18:00:00+00:00,137.75999999999925,138.06999999999925,137.49999999999926,137.52999999999926,923
2026-07-28T18:30:00+00:00,137.52999999999926,137.69999999999925,137.31999999999925,137.44999999999925,1148
2026-07-28T19:00:00+00:00,137.44999999999925,138.00999999999925,137.34999999999926,137.92999999999924,1169
2026-07-28T19:30:00+00:00,137.92999999999924,138.57999999999925,137.74999999999926,138.28999999999925,1278
2026-07-29T13:30:00+00:00,138.28999999999925,138.28999999999925,134.22999999999925,134.37999999999926,2024
2026-07-29T14:00:00+00:00,134.37999999999926,135.10999999999925,134.12999999999926,134.73999999999924,2694
2026-07-29T14:30:00+00:00,134.73999999999924,134.99999999999926,134.26999999999924,134.82999999999927,2615.5073293632613
2026-07-29T15:00:00+00:00,134.82999999999927,135.09999999999928,134.62999999999928,134.81999999999928,1866
2026-07-29T15:30:00+00:00,134.81999999999928,135.00999999999928,133.83999999999926,134.03999999999925,2152
2026-07-29T16:00:00+00:00,134.03999999999925,134.16999999999925,133.67999999999927,134.01999999999924,1994
2026-07-29T16:30:00+00:00,134.01999999999924,134.26999999999924,133.82999999999925,134.16999999999925,1846
2026-07-29T17:00:00+00:00,134.16999999999925,134.73999999999924,134.07999999999925,134.39999999999924,1711
2026-07-29T17:30:00+00:00,134.39999999999924,134.59999999999926,133.83999999999924,133.84999999999926,1784
2026-07-29T18:00:00+00:00,133.84999999999926,134.65999999999926,133.29999999999927,133.4599999999993,2585
2026-07-29T18:30:00+00:00,133.4599999999993,135.2299999999993,133.24999999999932,135.2099999999993,3198
2026-07-29T19:00:00+00:00,135.2099999999993,135.24999999999932,133.3599999999993,133.45999999999927,2672
2026-07-29T19:30:00+00:00,133.45999999999927,133.48999999999927,132.57999999999925,133.00999999999922,4061
2026-07-30T13:30:00+00:00,133.00999999999922,136.55999999999923,133.00999999999922,136.27999999999923,2793
2026-07-30T14:00:00+00:00,136.27999999999923,137.21999999999923,135.89999999999924,136.97999999999925,1923
2026-07-30T14:30:00+00:00,136.97999999999925,137.43999999999923,136.69999999999925,136.73999999999924,1705
2026-07-30T15:00:00+00:00,136.73999999999924,136.76999999999924,135.87999999999926,136.30999999999923,2034
2026-07-30T15:30:00+00:00,136.30999999999923,137.11999999999924,136.11999999999924,136.97999999999925,1413
2026-07-30T16:00:00+00:00,136.97999999999925,137.49999999999923,136.93999999999923,137.22999999999925,830
2026-07-30T16:30:00+00:00,137.22999999999925,137.86999999999924,137.11999999999924,137.79999999999924,824
2026-07-30T17:00:00+00:00,137.79999999999924,138.08999999999924,137.77999999999923,137.86999999999924,663
2026-07-30T17:30:00+00:00,137.86999999999924,137.91999999999925,137.59999999999926,137.64999999999924,721
2026-07-30T18:00:00+00:00,137.64999999999924,137.94999999999925,137.62999999999926,137.93999999999923,605
2026-07-30T18:30:00+00:00,137.93999999999923,138.14999999999924,137.78999999999925,138.10999999999925,439
2026-07-30T19:00:00+00:00,138.10999999999925,138.41999999999925,138.00999999999925,138.21999999999923,660
2026-07-30T19:30:00+00:00,138.21999999999923,138.49999999999923,138.11999999999924,138.24999999999923,1345
2026-07-31T13:30:00+00:00,138.24999999999923,141.03999999999925,138.24999999999923,138.65999999999926,3533
2026-07-31T14:00:00+00:00,138.65999999999926,138.88999999999925,137.83999999999924,138.82999999999925,4360
2026-07-31T14:30:00+00:00,138.82999999999925,139.04999999999924,138.39999999999924,138.75999999999925,3233
2026-07-31T15:00:00+00:00,138.75999999999925,139.40999999999926,138.67999999999924,138.94999999999925,3603
2026-07-31T15:30:00+00:00,138.94999999999925,139.44999999999925,138.51999999999924,138.83999999999924,3630
2026-07-31T16:00:00+00:00,138.83999999999924,139.01999999999924,138.65999999999926,138.85999999999925,2360
2026-07-31T16:30:00+00:00,138.85999999999925,139.11999999999924,138.77999999999923,138.77999999999923,1840
2026-07-31T17:00:00+00:00,138.77999999999923,139.10999999999925,138.61999999999924,139.00999999999925,1585
2026-07-31T17:30:00+00:00,139.00999999999925,139.23999999999924,138.91999999999925,139.08999999999924,1740
2026-07-31T18:00:00+00:00,139.08999999999924,139.21999999999923,138.75999999999925,138.91999999999925,1518
2026-07-31T18:30:00+00:00,138.91999999999925,139.38999999999925,138.91999999999925,139.22999999999925,1405
2026-07-31T19:00:00+00:00,139.22999999999925,139.38999999999925,138.95999999999924,139.17999999999924,1577
2026-07-31T19:30:00+00:00,139.17999999999924,139.27999999999923,138.32999999999925,138.50999999999925,2849
2026-08-03T13:30:00+00:00,138.50999999999925,138.51999999999924,136.60999999999925,137.79999999999924,2986
2026-08-03T14:00:00+00:00,137.79999999999924,138.39999999999924,137.69999999999925,138.21999999999923,2764
2026-08-03T14:30:00+00:00,138.21999999999923,138.46999999999923,137.58999999999924,138.01999999999924,2166
2026-08-03T15:00:00+00:00,138.01999999999924,138.27999999999923,137.66999999999925,137.93999999999923,1592
2026-08-03T15:30:00+00:00,137.93999999999923,138.30999999999923,137.80999999999923,137.94999999999925,1434
2026-08-03T16:00:00+00:00,137.94999999999925,138.04999999999924,137.72999999999925,137.81999999999925,1018
2026-08-03T16:30:00+00:00,137.81999999999925,137.82999999999925,137.42999999999924,137.57999999999925,1069
2026-08-03T17:00:00+00:00,137.57999999999925,137.75999999999925,137.23999999999924,137.58999999999924,1016
2026-08-03T17:30:00+00:00,137.58999999999924,138.37999999999926,137.58999999999924,138.33999999999924,1159
2026-08-03T18:00:00+00:00,138.33999999999924,138.64999999999924,138.14999999999924,138.46999999999923,1110
2026-08-03T18:30:00+00:00,138.46999999999923,138.52999999999923,138.30999999999923,138.40999999999926,828
2026-08-03T19:00:00+00:00,138.40999999999926,138.79999999999924,138.37999999999926,138.60999999999925,959
2026-08-03T19:30:00+00:00,138.60999999999925,139.54999999999924,138.54999999999924,139.44999999999925,1883
2026-08-04T13:30:00+00:00,139.44999999999925,141.90999999999926,138.72999999999925,141.28999999999925,3573
2026-08-04T14:00:00+00:00,141.28999999999925,142.47999999999925,141.26999999999924,142.26999999999924,4124
2026-08-04T14:30:00+00:00,142.26999999999924,143.90999999999926,142.05999999999923,143.77999999999923,3212
2026-08-04T15:00:00+00:00,143.77999999999923,143.95999999999924,143.28999999999925,143.32999999999925,2272
2026-08-04T15:30:00+00:00,143.32999999999925,143.61999999999924,143.11999999999924,143.43999999999923,2376
2026-08-04T16:00:00+00:00,143.43999999999923,143.61999999999924,143.06999999999925,143.54999999999924,1750
2026-08-04T16:30:00+00:00,143.54999999999924,143.62999999999926,143.18999999999923,143.28999999999925,1580
2026-08-04T17:00:00+00:00,143.28999999999925,143.39999999999924,142.86999999999924,142.87999999999926,1907
2026-08-04T17:30:00+00:00,142.87999999999926,143.02999999999923,142.45999999999924,142.72999999999925,1916
2026-08-04T18:00:00+00:00,142.72999999999925,143.02999999999923,142.28999999999925,142.86999999999924,2181
2026-08-04T18:30:00+00:00,142.86999999999924,143.08999999999924,142.55999999999923,142.99999999999923,1607
2026-08-04T19:00:00+00:00,142.99999999999923,143.57999999999925,142.73999999999924,142.84999999999926,1809
2026-08-04T19:30:00+00:00,142.84999999999926,143.14999999999924,142.66999999999925,142.83999999999924,2539
2026-08-05T13:30:00+00:00,142.83999999999924,144.80999999999923,142.42999999999924,144.55999999999923,2820
2026-08-05T14:00:00+00:00,144.55999999999923,145.10999999999925,144.26999999999924,144.48999999999924,3141
2026-08-05T14:30:00+00:00,144.48999999999924,144.72999999999925,144.00999999999925,144.13999999999925,3559.907760176459
2026-08-05T15:00:00+00:00,144.13999999999925,144.68999999999926,143.71999999999926,144.11999999999927,3681
2026-08-05T15:30:00+00:00,144.11999999999927,144.25999999999925,143.72999999999925,144.04999999999924,3025
2026-08-05T16:00:00+00:00,144.04999999999924,144.72999999999925,144.04999999999924,144.42999999999927,3336
2026-08-05T16:30:00+00:00,144.42999999999927,144.60999999999925,144.26999999999924,144.51999999999924,1974
2026-08-05T17:00:00+00:00,144.51999999999924,144.57999999999925,144.32999999999925,144.43999999999926,2146
2026-08-05T17:30:00+00:00,144.43999999999926,144.79999999999924,144.33999999999926,144.38999999999925,1711
2026-08-05T18:00:00+00:00,144.38999999999925,144.41999999999925,144.08999999999926,144.15999999999926,1528
2026-08-05T18:30:00+00:00,144.15999999999926,144.37999999999926,144.02999999999926,144.11999999999927,1748
2026-08-05T19:00:00+00:00,144.11999999999927,144.31999999999925,143.89999999999927,144.03999999999925,1692
2026-08-05T19:30:00+00:00,144.03999999999925,144.16999999999925,143.46999999999926,143.69999999999925,2580
2026-08-06T13:30:00+00:00,143.69999999999925,144.39999999999924,142.03999999999925,142.26999999999924,3046
2026-08-06T14:00:00+00:00,142.26999999999924,142.98999999999924,142.01999999999924,142.10999999999925,3731
2026-08-06T14:30:00+00:00,142.10999999999925,142.33999999999924,141.04999999999924,141.12999999999926,3694
2026-08-06T15:00:00+00:00,141.12999999999926,141.41999999999925,140.64999999999924,140.71999999999926,3837
2026-08-06T15:30:00+00:00,140.71999999999926,140.96999999999926,140.61999999999924,140.75999999999925,2992
2026-08-06T16:00:00+00:00,140.75999999999925,141.57999999999925,140.57999999999925,141.50999999999925,3365
2026-08-06T16:30:00+00:00,141.50999999999925,141.73999999999924,141.43999999999926,141.55999999999923,2828
2026-08-06T17:00:00+00:00,141.55999999999923,141.55999999999923,140.58999999999924,140.64999999999924,2311
2026-08-06T17:30:00+00:00,140.64999999999924,141.17999999999924,140.51999999999924,141.14999999999924,2321
2026-08-06T18:00:00+00:00,141.14999999999924,141.19999999999925,140.89999999999924,140.96999999999926,2085
2026-08-06T18:30:00+00:00,140.96999999999926,141.09999999999926,140.85999999999925,141.00999999999925,1317
2026-08-06T19:00:00+00:00,141.00999999999925,141.26999999999924,140.65999999999926,140.66999999999925,1935
2026-08-06T19:30:00+00:00,140.66999999999925,140.70999999999924,139.67999999999924,139.80999999999923,3422
2026-08-07T13:30:00+00:00,139.80999999999923,140.38999999999925,138.41999999999925,139.93999999999926,981
2026-08-07T14:00:00+00:00,139.93999999999926,140.60999999999925,139.47999999999925,140.47999999999925,1508
2026-08-07T14:30:00+00:00,140.47999999999925,140.64999999999924,140.17999999999924,140.54999999999924,1323
2026-08-07T15:00:00+00:00,140.54999999999924,140.74999999999926,140.46999999999926,140.59999999999926,1097
2026-08-07T15:30:00+00:00,140.59999999999926,140.75999999999925,140.34999999999926,140.39999999999924,975
2026-08-07T16:00:00+00:00,140.39999999999924,140.51999999999924,139.99999999999926,140.07999999999925,1091
2026-08-07T16:30:00+00:00,140.07999999999925,140.56999999999925,140.00999999999925,140.49999999999926,907
2026-08-07T17:00:00+00:00,140.49999999999926,140.71999999999926,140.47999999999925,140.59999999999926,637
2026-08-07T17:30:00+00:00,140.59999999999926,140.64999999999924,140.50999999999925,140.52999999999923,641
2026-08-07T18:00:00+00:00,140.52999999999923,140.78999999999925,140.38999999999925,140.69999999999925,719
2026-08-07T18:30:00+00:00,140.69999999999925,140.95999999999924,140.69999999999925,140.87999999999926,670
2026-08-07T19:00:00+00:00,140.87999999999926,141.24999999999926,140.87999999999926,141.07999999999925,866
2026-08-07T19:30:00+00:00,141.07999999999925,141.07999999999925,140.68999999999926,141.00999999999925,1509
2026-08-10T13:30:00+00:00,141.00999999999925,141.85999999999925,140.07999999999925,141.38999999999925,1188
2026-08-10T14:00:00+00:00,141.38999999999925,141.80999999999923,140.93999999999926,141.03999999999925,1107
2026-08-10T14:30:00+00:00,141.03999999999925,141.60999999999925,140.90999999999926,141.33999999999924,1002
2026-08-10T15:00:00+00:00,141.33999999999924,142.11999999999924,141.29999999999924,141.80999999999923,1339
2026-08-10T15:30:00+00:00,141.80999999999923,141.98999999999924,141.39999999999924,141.80999999999923,1266
2026-08-10T16:00:00+00:00,141.80999999999923,141.83999999999924,141.13999999999925,141.51999999999924,818
2026-08-10T16:30:00+00:00,141.51999999999924,141.65999999999926,141.11999999999924,141.13999999999925,1047
2026-08-10T17:00:00+00:00,141.13999999999925,141.15999999999926,140.90999999999926,141.04999999999924,805
2026-08-10T17:30:00+00:00,141.04999999999924,141.58999999999924,140.95999999999924,141.40999999999926,863
2026-08-10T18:00:00+00:00,141.40999999999926,141.56999999999925,141.29999999999924,141.46999999999926,674
2026-08-10T18:30:00+00:00,141.46999999999926,141.77999999999923,141.39999999999924,141.67999999999924,601
2026-08-10T19:00:00+00:00,141.67999999999924,141.73999999999924,141.34999999999926,141.37999999999926,848
2026-08-10T19:30:00+00:00,141.37999999999926,141.51999999999924,141.08999999999924,141.28999999999925,1929
2026-08-11T13:30:00+00:00,141.28999999999925,143.14999999999924,141.23999999999924,142.75999999999925,1208
2026-08-11T14:00:00+00:00,142.75999999999925,142.95999999999924,141.48999999999924,141.96999999999926,1230
2026-08-11T14:30:00+00:00,141.96999999999926,142.10999999999925,141.43999999999926,141.98999999999924,1075
2026-08-11T15:00:00+00:00,141.98999999999924,142.27999999999923,141.93999999999926,142.19999999999925,1176
2026-08-11T15:30:00+00:00,142.19999999999925,142.27999999999923,141.83999999999924,141.99999999999926,1154
2026-08-11T16:00:00+00:00,141.99999999999926,142.29999999999924,141.73999999999924,142.19999999999925,976
2026-08-11T16:30:00+00:00,142.19999999999925,142.66999999999925,142.10999999999925,142.66999999999925,712
2026-08-11T17:00:00+00:00,142.66999999999925,142.69999999999925,142.18999999999926,142.25999999999925,782
2026-08-11T17:30:00+00:00,142.25999999999925,142.25999999999925,141.91999999999925,142.06999999999925,731
2026-08-11T18:00:00+00:00,142.06999999999925,142.10999999999925,141.87999999999926,141.94999999999925,632
2026-08-11T18:30:00+00:00,141.94999999999925,142.08999999999924,141.65999999999926,141.69999999999925,752
2026-08-11T19:00:00+00:00,141.69999999999925,142.00999999999925,141.35999999999925,141.92999999999924,848
2026-08-11T19:30:00+00:00,141.92999999999924,142.19999999999925,141.46999999999926,141.72999999999925,1691
2026-08-12T13:30:00+00:00,141.72999999999925,143.60999999999925,141.72999999999925,143.37999999999926,2153
2026-08-12T14:00:00+00:00,143.37999999999926,144.58999999999924,143.08999999999924,144.28999999999925,2517
2026-08-12T14:30:00+00:00,144.28999999999925,144.48999999999924,143.80999999999923,143.97999999999925,2315.066614623992
2026-08-12T15:00:00+00:00,143.97999999999925,144.11999999999924,143.45999999999924,143.72999999999925,1733
2026-08-12T15:30:00+00:00,143.72999999999925,144.14999999999924,143.70999999999924,144.03999999999925,1118
2026-08-12T16:00:00+00:00,144.03999999999925,144.05999999999923,143.56999999999925,143.73999999999924,1263
2026-08-12T16:30:00+00:00,143.73999999999924,143.76999999999924,143.48999999999924,143.62999999999926,1025
2026-08-12T17:00:00+00:00,143.62999999999926,143.74999999999926,143.45999999999924,143.71999999999926,900
2026-08-12T17:30:00+00:00,143.71999999999926,143.75999999999925,143.42999999999924,143.58999999999924,952
2026-08-12T18:00:00+00:00,143.58999999999924,143.73999999999924,143.46999999999926,143.67999999999924,936
2026-08-12T18:30:00+00:00,143.67999999999924,143.88999999999925,143.63999999999925,143.79999999999924,963
2026-08-12T19:00:00+00:00,143.79999999999924,144.00999999999925,143.79999999999924,143.83999999999924,903
2026-08-12T19:30:00+00:00,143.83999999999924,144.12999999999926,143.48999999999924,143.59999999999926,2016
2026-08-13T13:30:00+00:00,143.59999999999926,144.88999999999925,143.01999999999924,143.81999999999925,1502
2026-08-13T14:00:00+00:00,143.81999999999925,145.02999999999923,143.59999999999926,144.91999999999925,1389
2026-08-13T14:30:00+00:00,144.91999999999925,144.95999999999924,143.95999999999924,144.12999999999926,1298
2026-08-13T15:00:00+00:00,144.12999999999926,144.36999999999924,143.46999999999926,143.63999999999925,1592
2026-08-13T15:30:00+00:00,143.63999999999925,144.20999999999924,143.59999999999926,143.92999999999924,1255
2026-08-13T16:00:00+00:00,143.92999999999924,144.31999999999925,143.79999999999924,144.29999999999924,883
2026-08-13T16:30:00+00:00,144.29999999999924,144.50999999999925,144.17999999999924,144.31999999999925,1044
2026-08-13T17:00:00+00:00,144.31999999999925,144.67999999999924,144.17999999999924,144.20999999999924,851
2026-08-13T17:30:00+00:00,144.20999999999924,144.68999999999926,143.83999999999924,144.65999999999926,963
2026-08-13T18:00:00+00:00,144.65999999999926,145.07999999999925,144.52999999999923,144.68999999999926,914
2026-08-13T18:30:00+00:00,144.68999999999926,144.75999999999925,144.38999999999925,144.55999999999923,821
2026-08-13T19:00:00+00:00,144.55999999999923,144.92999999999924,144.52999999999923,144.72999999999925,781
2026-08-13T19:30:00+00:00,144.72999999999925,144.94999999999925,144.50999999999925,144.80999999999923,1689
2026-08-14T13:30:00+00:00,144.80999999999923,146.27999999999923,144.02999999999923,145.81999999999925,1434
2026-08-14T14:00:00+00:00,145.81999999999925,145.94999999999925,145.24999999999926,145.38999999999925,1625
2026-08-14T14:30:00+00:00,145.38999999999925,145.83999999999924,145.29999999999924,145.45999999999924,1379.4716861752609
2026-08-14T15:00:00+00:00,145.45999999999924,145.58999999999924,145.12999999999923,145.16999999999925,1276
2026-08-14T15:30:00+00:00,145.16999999999925,145.26999999999924,144.61999999999924,144.75999999999922,1391
2026-08-14T16:00:00+00:00,144.75999999999922,145.10999999999925,144.59999999999923,144.62999999999923,960
2026-08-14T16:30:00+00:00,144.62999999999923,144.75999999999922,144.53999999999922,144.56999999999923,754
2026-08-14T17:00:00+00:00,144.56999999999923,144.98999999999924,144.53999999999922,144.96999999999923,718
2026-08-14T17:30:00+00:00,144.96999999999923,144.98999999999924,144.58999999999924,144.91999999999925,1062
2026-08-14T18:00:00+00:00,144.91999999999925,145.27999999999923,144.82999999999925,145.26999999999924,773
2026-08-14T18:30:00+00:00,145.26999999999924,145.34999999999923,145.00999999999922,145.13999999999925,754
2026-08-14T19:00:00+00:00,145.13999999999925,145.22999999999925,144.90999999999923,145.06999999999923,850
2026-08-14T19:30:00+00:00,145.06999999999923,145.35999999999925,144.97999999999925,145.27999999999923,1356
2026-08-17T13:30:00+00:00,145.27999999999923,146.86999999999924,144.11999999999924,145.90999999999923,1384
2026-08-17T14:00:00+00:00,145.90999999999923,146.32999999999925,145.15999999999923,145.31999999999923,1307
2026-08-17T14:30:00+00:00,145.31999999999923,145.42999999999924,144.74999999999923,144.91999999999925,1035
2026-08-17T15:00:00+00:00,144.91999999999925,145.43999999999923,144.86999999999924,145.00999999999922,1066
2026-08-17T15:30:00+00:00,145.00999999999922,145.08999999999924,144.52999999999923,144.67999999999924,908
2026-08-17T16:00:00+00:00,144.67999999999924,145.19999999999925,144.60999999999925,144.91999999999925,806
2026-08-17T16:30:00+00:00,144.91999999999925,144.93999999999923,144.53999999999922,144.59999999999923,1053
2026-08-17T17:00:00+00:00,144.59999999999923,145.25999999999922,144.53999999999922,144.93999999999923,1022
2026-08-17T17:30:00+00:00,144.93999999999923,144.98999999999924,144.52999999999923,144.73999999999924,756
2026-08-17T18:00:00+00:00,144.73999999999924,144.82999999999925,144.40999999999923,144.78999999999922,1052
2026-08-17T18:30:00+00:00,144.78999999999922,144.96999999999923,144.53999999999922,144.79999999999924,929
2026-08-17T19:00:00+00:00,144.79999999999924,144.94999999999925,144.54999999999924,144.56999999999923,787
2026-08-17T19:30:00+00:00,144.56999999999923,144.66999999999925,143.79999999999924,144.49999999999923,1927
2026-08-18T13:30:00+00:00,144.49999999999923,144.49999999999923,142.49999999999923,143.70999999999924,1028
2026-08-18T14:00:00+00:00,143.70999999999924,143.84999999999923,143.18999999999923,143.23999999999924,1526
2026-08-18T14:30:00+00:00,143.23999999999924,143.55999999999923,142.44999999999925,142.69999999999925,1840
2026-08-18T15:00:00+00:00,142.69999999999925,143.04999999999924,142.40999999999923,142.62999999999923,1451
2026-08-18T15:30:00+00:00,142.62999999999923,143.39999999999924,142.62999999999923,143.17999999999924,1274
2026-08-18T16:00:00+00:00,143.17999999999924,143.42999999999924,143.04999999999924,143.16999999999925,898
2026-08-18T16:30:00+00:00,143.16999999999925,143.48999999999924,143.12999999999923,143.25999999999922,709
2026-08-18T17:00:00+00:00,143.25999999999922,143.45999999999924,143.17999999999924,143.37999999999923,762
2026-08-18T17:30:00+00:00,143.37999999999923,143.45999999999924,143.06999999999923,143.06999999999923,673
2026-08-18T18:00:00+00:00,143.06999999999923,143.39999999999924,142.89999999999924,143.21999999999923,875
2026-08-18T18:30:00+00:00,143.21999999999923,143.58999999999924,143.17999999999924,143.29999999999924,768
2026-08-18T19:00:00+00:00,143.29999999999924,143.73999999999924,143.13999999999925,143.63999999999925,827
2026-08-18T19:30:00+00:00,143.63999999999925,143.96999999999923,143.42999999999924,143.64999999999924,1858
2026-08-19T13:30:00+00:00,143.64999999999924,143.64999999999924,141.49999999999923,142.31999999999923,1585
2026-08-19T14:00:00+00:00,142.31999999999923,142.39999999999924,141.09999999999923,141.27999999999923,2052
2026-08-19T14:30:00+00:00,141.27999999999923,141.50999999999922,140.15999999999923,140.44999999999922,1795.923076923077
2026-08-19T15:00:00+00:00,140.44999999999922,140.8699999999992,139.7199999999992,139.8699999999992,1861
2026-08-19T15:30:00+00:00,139.8699999999992,140.0599999999992,139.4699999999992,139.7799999999992,1512
2026-08-19T16:00:00+00:00,139.7799999999992,141.03999999999922,139.6899999999992,140.10999999999922,1581
2026-08-19T16:30:00+00:00,140.10999999999922,140.16999999999922,139.75999999999922,139.76999999999921,1124
2026-08-19T17:00:00+00:00,139.76999999999921,140.1499999999992,139.75999999999922,139.8999999999992,1013
2026-08-19T17:30:00+00:00,139.8999999999992,139.9899999999992,139.5899999999992,139.6199999999992,997
2026-08-19T18:00:00+00:00,139.6199999999992,139.8699999999992,139.19999999999922,139.32999999999922,1265
2026-08-19T18:30:00+00:00,139.32999999999922,139.4599999999992,138.79999999999922,138.85999999999922,1323
2026-08-19T19:00:00+00:00,138.85999999999922,139.22999999999922,138.6899999999992,139.0899999999992,1457
2026-08-19T19:30:00+00:00,139.0899999999992,139.28999999999922,138.38999999999922,138.9899999999992,2426
2026-08-20T13:30:00+00:00,138.9899999999992,138.9899999999992,137.38999999999922,137.8399999999992,1283
2026-08-20T14:00:00+00:00,137.8399999999992,138.6799999999992,137.7099999999992,138.4699999999992,1131
2026-08-20T14:30:00+00:00,138.4699999999992,138.94999999999922,138.3799999999992,138.75999999999922,1329
2026-08-20T15:00:00+00:00,138.75999999999922,139.0999999999992,137.9399999999992,137.9699999999992,1760
2026-08-20T15:30:00+00:00,137.9699999999992,138.03999999999922,137.4299999999992,137.63999999999922,1326
2026-08-20T16:00:00+00:00,137.63999999999922,137.78999999999922,137.4699999999992,137.7099999999992,873
2026-08-20T16:30:00+00:00,137.7099999999992,138.10999999999922,137.6499999999992,137.7399999999992,882
2026-08-20T17:00:00+00:00,137.7399999999992,137.8399999999992,137.3999999999992,137.6199999999992,865
2026-08-20T17:30:00+00:00,137.6199999999992,137.6899999999992,137.32999999999922,137.5999999999992,945
2026-08-20T18:00:00+00:00,137.5999999999992,137.6899999999992,137.22999999999922,137.25999999999922,1104
2026-08-20T18:30:00+00:00,137.25999999999922,137.3099999999992,136.7199999999992,136.8399999999992,980
2026-08-20T19:00:00+00:00,136.8399999999992,136.85999999999922,136.4699999999992,136.4999999999992,1113
2026-08-20T19:30:00+00:00,136.4999999999992,136.5299999999992,135.63999999999922,135.8399999999992,2209
2026-08-21T13:30:00+00:00,135.8399999999992,138.22999999999922,135.8399999999992,137.91999999999922,1546
2026-08-21T14:00:00+00:00,137.91999999999922,138.2799999999992,137.1899999999992,137.4599999999992,1131
2026-08-21T14:30:00+00:00,137.4599999999992,137.4699999999992,136.5599999999992,136.78999999999922,1102
2026-08-21T15:00:00+00:00,136.78999999999922,137.16999999999922,136.6199999999992,137.00999999999922,966
2026-08-21T15:30:00+00:00,137.00999999999922,137.22999999999922,136.5899999999992,136.6299999999992,960
2026-08-21T16:00:00+00:00,136.6299999999992,136.9299999999992,136.4899999999992,136.85999999999922,807
2026-08-21T16:30:00+00:00,136.85999999999922,136.88999999999922,136.4899999999992,136.5599999999992,744
2026-08-21T17:00:00+00:00,136.5599999999992,136.75999999999922,136.3799999999992,136.6899999999992,775
2026-08-21T17:30:00+00:00,136.6899999999992,137.1799999999992,136.6299999999992,137.10999999999922,842
2026-08-21T18:00:00+00:00,137.10999999999922,137.47999999999922,137.0599999999992,137.4099999999992,709
2026-08-21T18:30:00+00:00,137.4099999999992,137.72999999999922,137.3999999999992,137.5599999999992,629
2026-08-21T19:00:00+00:00,137.5599999999992,137.6799999999992,137.44999999999922,137.5899999999992,781
2026-08-21T19:30:00+00:00,137.5899999999992,137.7799999999992,137.26999999999921,137.76999999999921,1500
2026-08-24T13:30:00+00:00,137.76999999999921,138.5999999999992,137.0599999999992,138.1899999999992,1167
2026-08-24T14:00:00+00:00,138.1899999999992,138.2399999999992,137.66999999999922,137.8499999999992,1210
2026-08-24T14:30:00+00:00,137.8499999999992,138.19999999999922,137.5599999999992,137.88999999999922,1420
2026-08-24T15:00:00+00:00,137.88999999999922,138.13999999999922,137.69999999999922,138.0699999999992,1126
2026-08-24T15:30:00+00:00,138.0699999999992,138.22999999999922,137.9099999999992,138.10999999999922,1064
2026-08-24T16:00:00+00:00,138.10999999999922,138.2499999999992,137.8099999999992,137.91999999999922,811
2026-08-24T16:30:00+00:00,137.91999999999922,137.97999999999922,137.69999999999922,137.85999999999922,601
2026-08-24T17:00:00+00:00,137.85999999999922,138.16999999999922,137.6199999999992,137.66999999999922,831
2026-08-24T17:30:00+00:00,137.66999999999922,137.97999999999922,137.57999999999922,137.94999999999922,796
2026-08-24T18:00:00+00:00,137.94999999999922,138.19999999999922,137.8099999999992,138.10999999999922,806
2026-08-24T18:30:00+00:00,138.10999999999922,138.29999999999922,137.9599999999992,137.9699999999992,862
2026-08-24T19:00:00+00:00,137.9699999999992,138.13999999999922,137.8499999999992,137.8799999999992,772
2026-08-24T19:30:00+00:00,137.8799999999992,138.0699999999992,137.54999999999922,137.69999999999922,1469
2026-08-25T13:30:00+00:00,137.69999999999922,138.47999999999922,137.5599999999992,138.3999999999992,1926
2026-08-25T14:00:00+00:00,138.3999999999992,138.6499999999992,137.9999999999992,138.4999999999992,1710
2026-08-25T14:30:00+00:00,138.4999999999992,138.50999999999922,137.8399999999992,138.25999999999922,1489
2026-08-25T15:00:00+00:00,138.25999999999922,138.60999999999922,138.19999999999922,138.38999999999922,1087
2026-08-25T15:30:00+00:00,138.38999999999922,139.2499999999992,138.2099999999992,139.13999999999922,1192
2026-08-25T16:00:00+00:00,139.13999999999922,139.2499999999992,138.8499999999992,139.0299999999992,806
2026-08-25T16:30:00+00:00,139.0299999999992,139.3199999999992,138.9999999999992,139.1299999999992,665
2026-08-25T17:00:00+00:00,139.1299999999992,139.2499999999992,138.9099999999992,139.00999999999922,778
2026-08-25T17:30:00+00:00,139.00999999999922,139.1199999999992,138.85999999999922,138.88999999999922,725
2026-08-25T18:00:00+00:00,138.88999999999922,139.25999999999922,138.8799999999992,139.1599999999992,669
2026-08-25T18:30:00+00:00,139.1599999999992,139.4099999999992,139.13999999999922,139.2399999999992,909
2026-08-25T19:00:00+00:00,139.2399999999992,139.3799999999992,139.0599999999992,139.3299999999992,746
2026-08-25T19:30:00+00:00,139.3299999999992,139.7499999999992,139.2499999999992,139.2799999999992,1315
2026-08-26T13:30:00+00:00,139.2799999999992,139.4799999999992,138.2499999999992,139.1299999999992,1060
2026-08-26T14:00:00+00:00,139.1299999999992,139.1499999999992,138.4099999999992,138.8699999999992,1495
2026-08-26T14:30:00+00:00,138.8699999999992,139.3399999999992,138.7299999999992,139.1599999999992,1307
2026-08-26T15:00:00+00:00,139.1599999999992,139.3299999999992,138.9999999999992,139.0099999999992,1039
2026-08-26T15:30:00+00:00,139.0099999999992,139.8099999999992,138.9399999999992,139.8099999999992,953
2026-08-26T16:00:00+00:00,139.8099999999992,139.8799999999992,139.2899999999992,139.4899999999992,951
2026-08-26T16:30:00+00:00,139.4899999999992,139.54999999999922,139.2799999999992,139.4999999999992,764
2026-08-26T17:00:00+00:00,139.4999999999992,139.79999999999922,139.3099999999992,139.72999999999922,565
2026-08-26T17:30:00+00:00,139.72999999999922,139.8099999999992,139.3999999999992,139.44999999999922,569
2026-08-26T18:00:00+00:00,139.44999999999922,139.51999999999921,139.3499999999992,139.41999999999922,466
2026-08-26T18:30:00+00:00,139.41999999999922,139.6199999999992,139.3799999999992,139.56999999999923,475
2026-08-26T19:00:00+00:00,139.56999999999923,139.81999999999923,139.55999999999923,139.72999999999922,568
2026-08-26T19:30:00+00:00,139.72999999999922,139.82999999999922,139.29999999999924,139.72999999999922,1295
2026-08-27T13:30:00+00:00,139.72999999999922,139.97999999999922,138.31999999999923,139.64999999999924,922
2026-08-27T14:00:00+00:00,139.64999999999924,139.77999999999923,137.82999999999922,138.14999999999924,1175
2026-08-27T14:30:00+00:00,138.14999999999924,138.99999999999923,137.99999999999923,138.60999999999922,1186
2026-08-27T15:00:00+00:00,138.60999999999922,139.27999999999923,138.37999999999923,139.2099999999992,1037
2026-08-27T15:30:00+00:00,139.2099999999992,139.41999999999922,139.10999999999922,139.3399999999992,831
2026-08-27T16:00:00+00:00,139.3399999999992,139.49999999999923,139.13999999999922,139.19999999999922,752
2026-08-27T16:30:00+00:00,139.19999999999922,139.52999999999923,139.17999999999924,139.39999999999924,789
2026-08-27T17:00:00+00:00,139.39999999999924,139.45999999999924,138.87999999999923,138.96999999999923,843
2026-08-27T17:30:00+00:00,138.96999999999923,139.05999999999923,138.82999999999922,138.89999999999924,616
2026-08-27T18:00:00+00:00,138.89999999999924,139.02999999999923,138.65999999999923,138.70999999999924,825
2026-08-27T18:30:00+00:00,138.70999999999924,138.73999999999924,138.43999999999923,138.66999999999922,894
2026-08-27T19:00:00+00:00,138.66999999999922,138.81999999999923,138.41999999999922,138.42999999999924,847
2026-08-27T19:30:00+00:00,138.42999999999924,139.01999999999924,138.42999999999924,138.86999999999924,1532
2026-08-28T13:30:00+00:00,138.86999999999924,139.33999999999924,138.33999999999924,138.81999999999923,1633
2026-08-28T14:00:00+00:00,138.81999999999923,139.65999999999923,138.42999999999924,138.66999999999922,2245
2026-08-28T14:30:00+00:00,138.66999999999922,139.42999999999924,138.41999999999922,139.42999999999924,2096
2026-08-28T15:00:00+00:00,139.42999999999924,139.61999999999924,138.86999999999924,139.17999999999924,1439
2026-08-28T15:30:00+00:00,139.17999999999924,139.18999999999923,138.48999999999924,138.64999999999924,1950
2026-08-28T16:00:00+00:00,138.64999999999924,138.98999999999924,138.38999999999922,138.47999999999922,1942
2026-08-28T16:30:00+00:00,138.47999999999922,138.91999999999922,138.46999999999923,138.78999999999922,1734
2026-08-28T17:00:00+00:00,138.78999999999922,138.80999999999923,138.44999999999922,138.60999999999922,1364
2026-08-28T17:30:00+00:00,138.60999999999922,138.74999999999923,138.47999999999922,138.73999999999924,1038
2026-08-28T18:00:00+00:00,138.73999999999924,138.83999999999924,138.55999999999923,138.65999999999923,906
2026-08-28T18:30:00+00:00,138.65999999999923,138.80999999999923,138.61999999999924,138.74999999999923,780
2026-08-28T19:00:00+00:00,138.74999999999923,138.95999999999924,138.70999999999924,138.76999999999924,927
2026-08-28T19:30:00+00:00,138.76999999999924,138.93999999999923,138.47999999999922,138.89999999999924,1971
2026-08-31T13:30:00+00:00,138.89999999999924,138.89999999999924,137.48999999999924,137.91999999999922,1060
2026-08-31T14:00:00+00:00,137.91999999999922,138.11999999999924,137.39999999999924,137.41999999999922,1335
2026-08-31T14:30:00+00:00,137.41999999999922,138.03999999999922,137.38999999999922,137.70999999999924,1164
2026-08-31T15:00:00+00:00,137.70999999999924,137.99999999999923,137.58999999999924,137.86999999999924,990
2026-08-31T15:30:00+00:00,137.86999999999924,138.01999999999924,137.71999999999923,137.71999999999923,849
2026-08-31T16:00:00+00:00,137.71999999999923,137.85999999999922,137.58999999999924,137.80999999999923,608
2026-08-31T16:30:00+00:00,137.80999999999923,137.90999999999923,137.74999999999923,137.75999999999922,450
2026-08-31T17:00:00+00:00,137.75999999999922,137.86999999999924,137.66999999999922,137.69999999999922,521
2026-08-31T17:30:00+00:00,137.69999999999922,138.13999999999922,137.65999999999923,138.03999999999922,497
2026-08-31T18:00:00+00:00,138.03999999999922,138.16999999999922,137.80999999999923,137.80999999999923,644
2026-08-31T18:30:00+00:00,137.80999999999923,137.85999999999922,137.57999999999922,137.64999999999924,689
2026-08-31T19:00:00+00:00,137.64999999999924,137.85999999999922,137.59999999999923,137.76999999999924,625
2026-08-31T19:30:00+00:00,137.76999999999924,137.92999999999924,137.55999999999923,137.72999999999922,1637
2026-09-01T13:30:00+00:00,137.72999999999922,138.91999999999922,136.09999999999923,138.67999999999924,1684
2026-09-01T14:00:00+00:00,138.67999999999924,140.65999999999923,138.46999999999923,139.83999999999924,1750
2026-09-01T14:30:00+00:00,139.83999999999924,140.14999999999924,138.86999999999924,139.07999999999922,1414
2026-09-01T15:00:00+00:00,139.07999999999922,139.50999999999922,139.02999999999923,139.12999999999923,1179
2026-09-01T15:30:00+00:00,139.12999999999923,139.29999999999924,138.99999999999923,139.15999999999923,1182
2026-09-01T16:00:00+00:00,139.15999999999923,139.38999999999922,138.58999999999924,138.66999999999922,1090
2026-09-01T16:30:00+00:00,138.66999999999922,138.87999999999923,138.31999999999923,138.34999999999923,1492
2026-09-01T17:00:00+00:00,138.34999999999923,138.53999999999922,138.18999999999923,138.36999999999924,895
2026-09-01T17:30:00+00:00,138.36999999999924,138.55999999999923,138.11999999999924,138.23999999999924,957
2026-09-01T18:00:00+00:00,138.23999999999924,138.45999999999924,138.06999999999923,138.38999999999922,1092
2026-09-01T18:30:00+00:00,138.38999999999922,138.44999999999922,138.12999999999923,138.31999999999923,1071
2026-09-01T19:00:00+00:00,138.31999999999923,138.82999999999922,138.30999999999923,138.49999999999923,864
2026-09-01T19:30:00+00:00,138.49999999999923,138.62999999999923,138.02999999999923,138.59999999999923,1718
